tpch,sqljs,[],1774376978630,"[0.25, 1.0]",sqljs_tpch_025_q1,2,2,0.3386181420485069,2953.1790409999667,3334.4935880000703,381.31454700010363,3334.4935880000703,2571.864493999863,5906.358081999933,5906.516133999918,,
tpch,sqljs,[],1774376978630,"[0.25, 2.0]",sqljs_tpch_025_q2,69,5,13.414140872250519,74.54819578260683,73.81047000014223,2.220314296009828,85.80857699993066,73.20032000006177,5143.825508999871,5144.829228000017,,
tpch,sqljs,[],1774376978630,"[0.25, 3.0]",sqljs_tpch_025_q3,10,5,1.836049194718915,544.6477157999528,543.7244649999775,2.5729770491996486,549.8344550000038,542.0681169999298,5446.477157999529,5446.665689000161,,
tpch,sqljs,[],1774376978630,"[0.25, 4.0]",sqljs_tpch_025_q4,45,5,8.261192805258647,121.04789508888499,120.86904800008051,0.49494736216675733,122.59648200008087,120.4628659998998,5447.155278999824,5447.705426998669,,
tpch,sqljs,[],1774376978630,"[0.25, 5.0]",sqljs_tpch_025_q5,10,5,1.7218581220066111,580.7679432000034,579.4290429998655,8.133348555778293,598.1306290000211,574.2185330002103,5807.679432000034,5807.859137999825,,
tpch,sqljs,[],1774376978630,"[0.25, 6.0]",sqljs_tpch_025_q6,15,5,2.7381617583448215,365.2085188000308,365.06227399990894,0.7925729788843897,367.692629000172,364.0509750000201,5478.127782000462,5478.328270999948,,
tpch,sqljs,[],1774376978630,"[0.25, 7.0]",sqljs_tpch_025_q7,8,4,1.2794377769647125,781.5933045000129,782.6148089999333,2.16526653367281,784.8526050001383,778.7772450000048,6252.746436000103,6253.020678000525,,
tpch,sqljs,[],1774376978630,"[0.25, 8.0]",sqljs_tpch_025_q8,5,5,0.8410969687193924,1188.9235572000034,1188.8199560001958,3.2808308971717586,1193.726055999985,1184.106153999921,5944.617786000017,5944.754357999889,,
tpch,sqljs,[],1774376978630,"[0.25, 9.0]",sqljs_tpch_025_q9,3,3,0.4500574968704874,2221.938323333316,2221.2264649998397,6.089271995180189,2229.7265330001246,2214.8619719999842,6665.8149699999485,6665.882305999752,,
tpch,sqljs,[],1774376978630,"[0.25, 10.0]",sqljs_tpch_025_q10,15,5,2.589342045560473,386.1984946000235,385.96819699998014,1.6710993642134937,389.9693430000916,383.7651410000399,5792.977419000352,5793.3170780004,,
tpch,sqljs,[],1774376978630,"[0.25, 11.0]",sqljs_tpch_025_q11,30,5,5.110359086869854,195.68096546665765,195.67866700002924,0.38471332757809573,196.44745199987665,195.13067300012335,5870.42896399973,5870.886842999142,,
tpch,sqljs,[],1774376978630,"[0.25, 12.0]",sqljs_tpch_025_q12,16,4,3.0594957215432963,326.8512496875046,326.6334949999582,0.6082643276548458,328.4918240001425,326.24439299991354,5229.619995000074,5229.839012999786,,
tpch,sqljs,[],1774376978630,"[0.25, 13.0]",sqljs_tpch_025_q13,4,4,0.614396410556588,1627.6136754999752,1625.800307000056,5.9075259897112025,1637.6954379999079,1622.9885390000418,6510.454701999901,6510.56807300006,,
tpch,sqljs,[],1774376978630,"[0.25, 14.0]",sqljs_tpch_025_q14,15,5,2.9039626273902637,344.35704873333066,343.5788590000011,1.2423398779353132,346.71408300008625,343.20526299998164,5165.35573099996,5165.598056999501,,
tpch,sqljs,[],1774376978630,"[0.25, 15.0]",sqljs_tpch_025_q15,8,4,1.4613153731711939,684.3149797499937,684.2523059998639,1.227239083099018,686.4993219999596,682.8028679999989,5474.519837999949,5474.665790000232,,
tpch,sqljs,[],1774376978630,"[0.25, 16.0]",sqljs_tpch_025_q16,40,5,7.970566796268938,125.46159207499586,125.28767400002107,0.5923957453366607,127.7282899999991,124.64748700009659,5018.463682999834,5018.811803000048,,
tpch,sqljs,[],1774376978630,"[0.25, 18.0]",sqljs_tpch_025_q18,12,4,2.3580344045603883,424.0820227499741,424.2003440000117,0.9443294728713835,425.3843689998612,422.1932459999807,5088.984272999689,5089.170589999994,,
tpch,sqljs,[],1774376978630,"[0.25, 19.0]",sqljs_tpch_025_q19,12,4,2.370029301501855,421.9357116666506,425.8413139998447,5.301905654280048,429.08366400003433,415.89044200000353,5063.228539999807,5063.421837999951,,
tpch,sqljs,[],1774376978630,"[0.25, 21.0]",sqljs_tpch_025_q21,3,3,0.42268242911681597,2365.842370333383,2356.913137000054,12.934509017786265,2384.1328280000016,2356.481146000093,7097.527111000149,7097.579917000141,,
tpch,arquero,[],1774377468112,"[0.5, 1.0]",arquero_tpch_05_q1,0,0,0.0,0.0,0.0,0.0,0.0,0.0,0.0,0.0,Arquero does not implement join reordering and query unnesting. The plans were generated by a relational database and were manually migrated to the Arquero API.,"Benchmark `arquero_tpch_05_q1` failed to run `before` callback: Unrecognized type: ""undefined"""
tpch,arquero,[],1774377468112,"[0.5, 2.0]",arquero_tpch_05_q2,0,0,0.0,0.0,0.0,0.0,0.0,0.0,0.0,0.0,Arquero does not implement join reordering and query unnesting. The plans were generated by a relational database and were manually migrated to the Arquero API.,"Benchmark `arquero_tpch_05_q2` failed to run `before` callback: Unrecognized type: ""undefined"""
tpch,arquero,[],1774377468112,"[0.5, 3.0]",arquero_tpch_05_q3,0,0,0.0,0.0,0.0,0.0,0.0,0.0,0.0,0.0,Arquero does not implement join reordering and query unnesting. The plans were generated by a relational database and were manually migrated to the Arquero API.,"Benchmark `arquero_tpch_05_q3` failed to run `before` callback: Unrecognized type: ""undefined"""
tpch,arquero,[],1774377468112,"[0.5, 4.0]",arquero_tpch_05_q4,0,0,0.0,0.0,0.0,0.0,0.0,0.0,0.0,0.0,Arquero does not implement join reordering and query unnesting. The plans were generated by a relational database and were manually migrated to the Arquero API.,"Benchmark `arquero_tpch_05_q4` failed to run `before` callback: Unrecognized type: ""undefined"""
tpch,arquero,[],1774377468112,"[0.5, 5.0]",arquero_tpch_05_q5,0,0,0.0,0.0,0.0,0.0,0.0,0.0,0.0,0.0,Arquero does not implement join reordering and query unnesting. The plans were generated by a relational database and were manually migrated to the Arquero API.,"Benchmark `arquero_tpch_05_q5` failed to run `before` callback: Unrecognized type: ""undefined"""
tpch,arquero,[],1774377468112,"[0.5, 6.0]",arquero_tpch_05_q6,0,0,0.0,0.0,0.0,0.0,0.0,0.0,0.0,0.0,Arquero does not implement join reordering and query unnesting. The plans were generated by a relational database and were manually migrated to the Arquero API.,"Benchmark `arquero_tpch_05_q6` failed to run `before` callback: Unrecognized type: ""undefined"""
tpch,arquero,[],1774377468112,"[0.5, 7.0]",arquero_tpch_05_q7,0,0,0.0,0.0,0.0,0.0,0.0,0.0,0.0,0.0,Arquero does not implement join reordering and query unnesting. The plans were generated by a relational database and were manually migrated to the Arquero API.,"Benchmark `arquero_tpch_05_q7` failed to run `before` callback: Unrecognized type: ""undefined"""
tpch,arquero,[],1774377468112,"[0.5, 8.0]",arquero_tpch_05_q8,0,0,0.0,0.0,0.0,0.0,0.0,0.0,0.0,0.0,Arquero does not implement join reordering and query unnesting. The plans were generated by a relational database and were manually migrated to the Arquero API.,"Benchmark `arquero_tpch_05_q8` failed to run `before` callback: Unrecognized type: ""undefined"""
tpch,arquero,[],1774377468112,"[0.5, 10.0]",arquero_tpch_05_q10,0,0,0.0,0.0,0.0,0.0,0.0,0.0,0.0,0.0,Arquero does not implement join reordering and query unnesting. The plans were generated by a relational database and were manually migrated to the Arquero API.,"Benchmark `arquero_tpch_05_q10` failed to run `before` callback: Unrecognized type: ""undefined"""
tpch,arquero,[],1774377468112,"[0.5, 11.0]",arquero_tpch_05_q11,0,0,0.0,0.0,0.0,0.0,0.0,0.0,0.0,0.0,Arquero does not implement join reordering and query unnesting. The plans were generated by a relational database and were manually migrated to the Arquero API.,"Benchmark `arquero_tpch_05_q11` failed to run `before` callback: Unrecognized type: ""undefined"""
tpch,arquero,[],1774377468112,"[0.5, 12.0]",arquero_tpch_05_q12,0,0,0.0,0.0,0.0,0.0,0.0,0.0,0.0,0.0,Arquero does not implement join reordering and query unnesting. The plans were generated by a relational database and were manually migrated to the Arquero API.,"Benchmark `arquero_tpch_05_q12` failed to run `before` callback: Unrecognized type: ""undefined"""
tpch,arquero,[],1774377468112,"[0.5, 13.0]",arquero_tpch_05_q13,0,0,0.0,0.0,0.0,0.0,0.0,0.0,0.0,0.0,Arquero does not implement join reordering and query unnesting. The plans were generated by a relational database and were manually migrated to the Arquero API.,"Benchmark `arquero_tpch_05_q13` failed to run `before` callback: Unrecognized type: ""undefined"""
tpch,arquero,[],1774377468112,"[0.5, 14.0]",arquero_tpch_05_q14,0,0,0.0,0.0,0.0,0.0,0.0,0.0,0.0,0.0,Arquero does not implement join reordering and query unnesting. The plans were generated by a relational database and were manually migrated to the Arquero API.,"Benchmark `arquero_tpch_05_q14` failed to run `before` callback: Unrecognized type: ""undefined"""
tpch,arquero,[],1774377468112,"[0.5, 15.0]",arquero_tpch_05_q15,0,0,0.0,0.0,0.0,0.0,0.0,0.0,0.0,0.0,Arquero does not implement join reordering and query unnesting. The plans were generated by a relational database and were manually migrated to the Arquero API.,"Benchmark `arquero_tpch_05_q15` failed to run `before` callback: Unrecognized type: ""undefined"""
tpch,arquero,[],1774377468112,"[0.5, 16.0]",arquero_tpch_05_q16,0,0,0.0,0.0,0.0,0.0,0.0,0.0,0.0,0.0,Arquero does not implement join reordering and query unnesting. The plans were generated by a relational database and were manually migrated to the Arquero API.,"Benchmark `arquero_tpch_05_q16` failed to run `before` callback: Unrecognized type: ""undefined"""
tpch,arquero,[],1774377468112,"[0.5, 17.0]",arquero_tpch_05_q17,0,0,0.0,0.0,0.0,0.0,0.0,0.0,0.0,0.0,Arquero does not implement join reordering and query unnesting. The plans were generated by a relational database and were manually migrated to the Arquero API.,"Benchmark `arquero_tpch_05_q17` failed to run `before` callback: Unrecognized type: ""undefined"""
tpch,arquero,[],1774377468112,"[0.5, 18.0]",arquero_tpch_05_q18,0,0,0.0,0.0,0.0,0.0,0.0,0.0,0.0,0.0,Arquero does not implement join reordering and query unnesting. The plans were generated by a relational database and were manually migrated to the Arquero API.,"Benchmark `arquero_tpch_05_q18` failed to run `before` callback: Unrecognized type: ""undefined"""
tpch,arquero,[],1774377468112,"[0.5, 19.0]",arquero_tpch_05_q19,0,0,0.0,0.0,0.0,0.0,0.0,0.0,0.0,0.0,Arquero does not implement join reordering and query unnesting. The plans were generated by a relational database and were manually migrated to the Arquero API.,"Benchmark `arquero_tpch_05_q19` failed to run `before` callback: Unrecognized type: ""undefined"""
tpch,arquero,[],1774377468112,"[0.5, 20.0]",arquero_tpch_05_q20,0,0,0.0,0.0,0.0,0.0,0.0,0.0,0.0,0.0,Arquero does not implement join reordering and query unnesting. The plans were generated by a relational database and were manually migrated to the Arquero API.,"Benchmark `arquero_tpch_05_q20` failed to run `before` callback: Unrecognized type: ""undefined"""
tpch,arquero,[],1774377468112,"[0.5, 22.0]",arquero_tpch_05_q22,0,0,0.0,0.0,0.0,0.0,0.0,0.0,0.0,0.0,Arquero does not implement join reordering and query unnesting. The plans were generated by a relational database and were manually migrated to the Arquero API.,"Benchmark `arquero_tpch_05_q22` failed to run `before` callback: Unrecognized type: ""undefined"""
regex,lovefield,[],1774376018733,"[1000.0, 20.0]",lovefield_regex_1000,25923,6,4364.211463409676,0.22913646792420064,0.21241399995051324,0.061553820111110616,3.792585999937728,0.17961300001479685,5939.904657999054,5994.073416001396,,
regex,lovefield,[],1774376018733,"[10000.0, 20.0]",lovefield_regex_10000,2113,5,422.6900187714615,2.365799890204354,2.300052999984473,0.30407117082066226,9.915340000065044,2.04306599998381,4998.935168001801,5005.729009002447,,
regex,lovefield,[],1774376018733,"[100000.0, 20.0]",lovefield_regex_100000,139,5,27.25027865713484,36.69687244604281,35.897609000094235,7.050758147913873,82.15246899996419,29.45273600006476,5100.865269999951,5102.269011999364,,
regex,sqljs,[],1774376018733,"[1000.0, 20.0]",sqljs_regex_1000,41945,6,7103.838533973086,0.1407689652879417,0.13765499996952713,0.05672450768013868,7.090815999894403,0.12296800001058728,5904.554249002715,5992.008736010874,,
regex,sqljs,[],1774376018733,"[10000.0, 20.0]",sqljs_regex_10000,4494,5,900.3382042338329,1.1106937318637689,1.1087479999987409,0.07119469857983354,3.5534859999315813,1.0424329999368638,4991.457630995777,5002.002686999505,,
regex,sqljs,[],1774376018733,"[100000.0, 20.0]",sqljs_regex_100000,459,5,91.2813843583433,10.955136220045702,10.852508000098169,0.33170928560294843,12.018310999963433,10.450194999924861,5028.407525000977,5029.764222999453,,
regex,arquero,[],1774376018733,"[1000.0, 20.0]",arquero_regex_1000,90333,6,15561.760121063513,0.06426008319241838,0.06111300003249198,0.03541560530136801,7.336802999954671,0.055223000003024936,5804.806095020729,5985.28842197929,,
regex,arquero,[],1774376018733,"[10000.0, 20.0]",arquero_regex_10000,13410,6,2247.5251486195843,0.4449338422816731,0.43748199997935444,0.12638430885810445,12.137546999962069,0.39391999994404614,5966.562824997236,5999.002490997431,,
regex,arquero,[],1774376018733,"[100000.0, 20.0]",arquero_regex_100000,1229,5,245.42327350802188,4.074593194468633,4.0097740000346676,1.1904068902121974,45.08857100002933,3.6708959999959916,5007.6750360019505,5012.133452000562,,
regex,duckdb,[sync],1774376018733,"[1000.0, 20.0]",duckdb_sync_regex_1000,13388,6,2255.859651172728,0.44328998902043465,0.3957530000479892,0.23426770602262637,6.095391000038944,0.3548090000404045,5934.766373005579,5997.346693996224,,
regex,duckdb,[sync],1774376018733,"[10000.0, 20.0]",duckdb_sync_regex_10000,9710,6,1629.2243202057803,0.6137890207001663,0.6079989999998361,0.10900915771488912,2.5380329999607056,0.5414239999372512,5959.891390998615,5999.084140008432,,
regex,duckdb,[sync],1774376018733,"[100000.0, 20.0]",duckdb_sync_regex_100000,2101,5,420.6821384140987,2.3770916534983697,2.3684649999486282,0.15382112512928064,4.022411999991164,2.1896500000730157,4994.269564000075,5003.359055000707,,
tpch,lovefield,[],1774377126440,"[0.25, 1.0]",lovefield_tpch_025_q1,1,1,0.0,0.0,0.0,0.0,0.0,0.0,0.0,0.0,Lovefield does not support arithmetic operations and nested subqueries. Aggregates and order by clauses were often simplified. Some queries with nesting were dropped.,Benchmark `lovefield_tpch_025_q1` failed to run `fn`: a.getTime is not a function
tpch,lovefield,[],1774377126440,"[0.25, 3.0]",lovefield_tpch_025_q3,1,1,0.0,0.0,0.0,0.0,0.0,0.0,0.0,0.0,Lovefield does not support arithmetic operations and nested subqueries. Aggregates and order by clauses were often simplified. Some queries with nesting were dropped.,Benchmark `lovefield_tpch_025_q3` failed to run `fn`: a.getTime is not a function
tpch,lovefield,[],1774377126440,"[0.25, 4.0]",lovefield_tpch_025_q4,1,1,0.0,0.0,0.0,0.0,0.0,0.0,0.0,0.0,Lovefield does not support arithmetic operations and nested subqueries. Aggregates and order by clauses were often simplified. Some queries with nesting were dropped.,Benchmark `lovefield_tpch_025_q4` failed to run `fn`: a.getTime is not a function
tpch,lovefield,[],1774377126440,"[0.25, 5.0]",lovefield_tpch_025_q5,1,1,0.0,0.0,0.0,0.0,0.0,0.0,0.0,0.0,Lovefield does not support arithmetic operations and nested subqueries. Aggregates and order by clauses were often simplified. Some queries with nesting were dropped.,Benchmark `lovefield_tpch_025_q5` failed to run `fn`: a.getTime is not a function
tpch,lovefield,[],1774377126440,"[0.25, 6.0]",lovefield_tpch_025_q6,12,4,2.259221786941965,442.6302923333521,447.48676799982786,11.22605809805804,460.7191419999581,422.9286660000216,5311.563508000225,5312.110972000286,Lovefield does not support arithmetic operations and nested subqueries. Aggregates and order by clauses were often simplified. Some queries with nesting were dropped.,
tpch,lovefield,[],1774377126440,"[0.25, 7.0]",lovefield_tpch_025_q7,1,1,0.0,0.0,0.0,0.0,0.0,0.0,0.0,0.0,Lovefield does not support arithmetic operations and nested subqueries. Aggregates and order by clauses were often simplified. Some queries with nesting were dropped.,Benchmark `lovefield_tpch_025_q7` failed to run `fn`: a.getTime is not a function
tpch,lovefield,[],1774377126440,"[0.25, 8.0]",lovefield_tpch_025_q8,1,1,0.0,0.0,0.0,0.0,0.0,0.0,0.0,0.0,Lovefield does not support arithmetic operations and nested subqueries. Aggregates and order by clauses were often simplified. Some queries with nesting were dropped.,Benchmark `lovefield_tpch_025_q8` failed to run `fn`: a.getTime is not a function
tpch,lovefield,[],1774377126440,"[0.25, 10.0]",lovefield_tpch_025_q10,1,1,0.0,0.0,0.0,0.0,0.0,0.0,0.0,0.0,Lovefield does not support arithmetic operations and nested subqueries. Aggregates and order by clauses were often simplified. Some queries with nesting were dropped.,Benchmark `lovefield_tpch_025_q10` failed to run `fn`: a.getTime is not a function
tpch,lovefield,[],1774377126440,"[0.25, 12.0]",lovefield_tpch_025_q12,1,1,0.0,0.0,0.0,0.0,0.0,0.0,0.0,0.0,Lovefield does not support arithmetic operations and nested subqueries. Aggregates and order by clauses were often simplified. Some queries with nesting were dropped.,Benchmark `lovefield_tpch_025_q12` failed to run `fn`: a.getTime is not a function
tpch,lovefield,[],1774377126440,"[0.25, 13.0]",lovefield_tpch_025_q13,3,3,0.4893249504124662,2043.631740333435,2054.3305369999725,23.39758912507253,2065.3991740001366,2011.1655100001954,6130.895221000304,6130.951664000051,"",
tpch,lovefield,[],1774377126440,"[0.25, 14.0]",lovefield_tpch_025_q14,1,1,0.0,0.0,0.0,0.0,0.0,0.0,0.0,0.0,"",Benchmark `lovefield_tpch_025_q14` failed to run `fn`: a.getTime is not a function
tpch,lovefield,[],1774377126440,"[0.25, 16.0]",lovefield_tpch_025_q16,12,4,2.254126661800994,443.6307936666805,441.8575420000125,18.136080251124618,497.89252500003204,424.1334049999714,5323.569524000166,5323.785454999888,"",
tpch,lovefield,[],1774377126440,"[0.25, 19.0]",lovefield_tpch_025_q19,2,2,0.33053807655378703,3025.370058499975,3405.042455999879,379.67239749990404,3405.042455999879,2645.697661000071,6050.74011699995,6050.771924999775,Lovefield does not support arithmetic operations and nested subqueries. Aggregates and order by clauses were often simplified. Some queries with nesting were dropped.,
integer_sum,lovefield,[],1774376087062,"[1000.0, 10.0]",lovefield_integer_sum_1000,15858,6,2661.345702725453,0.37574975658965,0.348907999927178,0.10480673791025907,4.950479999999516,0.3052870000246912,5958.63963999867,5996.661364004249,,
integer_sum,lovefield,[],1774376087062,"[10000.0, 10.0]",lovefield_integer_sum_10000,1156,5,231.08168026400384,4.3274741591697365,4.175377000006847,0.4884025782595385,11.901943000033498,3.7283379998989403,5002.560128000216,5007.415707999142,,
integer_sum,lovefield,[],1774376087062,"[100000.0, 10.0]",lovefield_integer_sum_100000,62,5,11.886988485511926,84.1255967580702,80.45964199991431,11.9447381003506,122.754803000018,72.53747500001919,5215.786999000353,5216.745508000022,,
integer_sum,sqljs,[],1774376087062,"[1000.0, 10.0]",sqljs_integer_sum_1000,15792,6,2652.4748058042933,0.3770064084347735,0.3684229999780655,0.12280422622105963,7.373172000050545,0.31958300003316253,5953.685202001943,5997.736629006453,,
integer_sum,sqljs,[],1774376087062,"[10000.0, 10.0]",sqljs_integer_sum_10000,1163,5,232.45240759820786,4.301955872741452,4.265906999935396,0.18796257918075607,6.616720000049099,4.071495999931358,5003.174679998308,5006.856350000366,,
integer_sum,sqljs,[],1774376087062,"[100000.0, 10.0]",sqljs_integer_sum_100000,105,5,20.508608201954083,48.76001287618918,48.431841999990866,1.3575132375273675,51.34891600010451,46.70624999993015,5119.801351999864,5120.2649770003045,,
integer_sum,arquero,[],1774376087062,"[1000.0, 10.0]",arquero_integer_sum_1000,39059,6,6633.783218880224,0.15074354512428564,0.14327699993737042,0.05935837615712462,8.390377000090666,0.1284389999927953,5887.892129009473,5992.933563006809,,
integer_sum,arquero,[],1774376087062,"[10000.0, 10.0]",arquero_integer_sum_10000,585,5,116.71387325526281,8.56796173504514,8.598171000019647,0.48147334381069246,16.4225790000055,8.047909999964759,5012.2576150014065,5014.189903000835,,
integer_sum,arquero,[],1774376087062,"[100000.0, 10.0]",arquero_integer_sum_100000,5,5,0.9236101940046594,1082.707842000015,1061.5204000000376,30.963474293757457,1122.5766270000022,1053.8582279999973,5413.539210000075,5413.609560999903,,
integer_sum,duckdb,[sync],1774376087063,"[1000.0, 10.0]",duckdb_sync_integer_sum_1000,11317,6,1902.8387374352135,0.5255306087303403,0.46050499996636063,0.24790630965937352,6.643944000010379,0.3980089999968186,5947.429899001261,5998.404905012227,,
integer_sum,duckdb,[sync],1774376087063,"[10000.0, 10.0]",duckdb_sync_integer_sum_10000,5516,5,1108.140298667887,0.902412809282467,0.8809750000946224,0.10750275455889323,4.715180000057444,0.8129189999308437,4977.709056002088,5000.884628996486,,
integer_sum,duckdb,[sync],1774376087063,"[100000.0, 10.0]",duckdb_sync_integer_sum_100000,67,5,12.827907964631313,77.95503388059589,76.99355500005186,3.3203115311042724,91.11854400008451,74.3563729999587,5222.987269999925,5223.643500000471,,
tpch,duckdb,[sync],1774377232513,"[0.5, 1.0]",duckdb_sync_tpch_05_q1,29,5,5.03471404256128,198.62101234477976,196.33374400017783,6.580913398571118,228.23354499973357,193.19128699973226,5760.009357998613,5760.792034999933,,
tpch,duckdb,[sync],1774377232513,"[0.5, 2.0]",duckdb_sync_tpch_05_q2,367,5,73.00734981248942,13.697251065384231,13.186261000111699,1.6962607338010194,23.414376999717206,12.458203999791294,5026.891140996013,5035.060455002356,,
tpch,duckdb,[sync],1774377232513,"[0.5, 3.0]",duckdb_sync_tpch_05_q3,123,5,23.885175929245836,41.86697234143314,41.386059999931604,2.3059643379177435,63.948414999991655,40.71815899992362,5149.637597996276,5150.659657997079,,
tpch,duckdb,[sync],1774377232513,"[0.5, 4.0]",duckdb_sync_tpch_05_q4,100,5,19.292962786194504,51.8323707500007,51.481143000070006,1.232604538146638,58.47597500029951,51.04129600012675,5183.23707500007,5184.132523001172,,
tpch,duckdb,[sync],1774377232513,"[0.5, 5.0]",duckdb_sync_tpch_05_q5,115,5,22.19130749674108,45.06268953043239,44.85717900004238,0.8353178022514827,49.9535179999657,44.250731999985874,5182.209295999724,5183.24094200274,,
tpch,duckdb,[sync],1774377232513,"[0.5, 6.0]",duckdb_sync_tpch_05_q6,219,5,43.171560870275904,23.163396917819366,23.063420000020415,0.3855757048981773,25.71674699988216,22.67854500003159,5072.783925002441,5074.393152999692,,
tpch,duckdb,[sync],1774377232513,"[0.5, 7.0]",duckdb_sync_tpch_05_q7,105,5,20.5601060012147,48.63788153334033,48.39324799971655,0.8459568359198043,52.27465799963102,47.5874040001072,5106.977561000735,5107.92289500311,,
tpch,duckdb,[sync],1774377232513,"[0.5, 8.0]",duckdb_sync_tpch_05_q8,80,5,15.2620856116177,65.52184448754414,65.30036800028756,1.4637100209207035,76.60519200004637,64.54773999983445,5241.747559003532,5242.495361001231,,
tpch,duckdb,[sync],1774377232513,"[0.5, 9.0]",duckdb_sync_tpch_05_q9,45,5,8.224338575996962,121.59032495555779,121.48050800012425,1.5201426288124376,129.20449000038207,119.59551500016823,5471.5646230001,5472.038023000583,,
tpch,duckdb,[sync],1774377232513,"[0.5, 10.0]",duckdb_sync_tpch_05_q10,45,5,8.944276367555245,111.80334315556618,111.53022500034422,0.8062794103922936,114.40251500019804,110.90839899983257,5031.1504420004785,5031.659341000486,,
tpch,duckdb,[sync],1774377232513,"[0.5, 11.0]",duckdb_sync_tpch_05_q11,814,5,162.73412460764698,6.144992652346314,5.996717999689281,0.6083559686219602,13.170208999887109,5.8892580000683665,5002.024019009899,5012.668989989441,,
tpch,duckdb,[sync],1774377232513,"[0.5, 12.0]",duckdb_sync_tpch_05_q12,55,5,10.440448695833371,95.78132407269864,95.56685799965635,0.6240619323260889,97.995581000112,95.01482299994677,5267.972823998425,5268.623941999394,,
tpch,duckdb,[sync],1774377232513,"[0.5, 13.0]",duckdb_sync_tpch_05_q13,40,5,7.581852720495534,131.89388357502176,131.83886299980804,0.7906734922159318,135.87245400017127,130.25096799992025,5275.75534300087,5276.169589000288,,
tpch,duckdb,[sync],1774377232513,"[0.5, 14.0]",duckdb_sync_tpch_05_q14,178,5,35.02241761538077,28.553140191008136,28.415613000281155,0.5602668071992255,34.06855800002813,28.19090500008315,5082.458953999449,5083.843028999865,,
tpch,duckdb,[sync],1774377232513,"[0.5, 15.0]",duckdb_sync_tpch_05_q15,216,5,42.81719189394316,23.355104708336984,23.272061000112444,0.30667853162366593,24.91325099999085,22.935846999753267,5044.702617000788,5046.327087001409,,
tpch,duckdb,[sync],1774377232513,"[0.5, 16.0]",duckdb_sync_tpch_05_q16,169,5,33.14629056777555,30.169288414197055,29.875545999966562,1.2505934617178343,39.82385599985719,29.536190999671817,5098.609741999302,5099.962032999378,,
tpch,duckdb,[sync],1774377232513,"[0.5, 17.0]",duckdb_sync_tpch_05_q17,185,5,36.677474151677,27.2646910161963,27.124028999824077,0.6303354086122506,34.02541199978441,26.909837999846786,5043.967837996315,5045.139940994792,,
tpch,duckdb,[sync],1774377232513,"[0.5, 18.0]",duckdb_sync_tpch_05_q18,43,5,8.005966408111197,124.90684434884163,124.8225739998743,0.689778910518721,126.78073399979621,123.12687499960884,5370.99430700019,5371.438023001887,,
tpch,duckdb,[sync],1774377232513,"[0.5, 19.0]",duckdb_sync_tpch_05_q19,35,5,6.5342675466257765,153.03934111427515,152.81205299962312,0.9460567075649415,157.7358239996247,152.18256299989298,5356.3769389996305,5356.725824999157,,
tpch,duckdb,[sync],1774377232513,"[0.5, 20.0]",duckdb_sync_tpch_05_q20,131,5,25.960368390735,38.52025460304678,38.42917799996212,0.5060157680168421,41.42334400024265,37.91633399995044,5046.153352999128,5047.127659998834,,
tpch,duckdb,[sync],1774377232513,"[0.5, 21.0]",duckdb_sync_tpch_05_q21,35,5,6.768614969030242,147.74071277144498,147.6889930004254,0.6116466612394056,149.80420600017533,146.78409900004044,5170.924947000574,5171.291643999983,,
tpch,duckdb,[sync],1774377232513,"[0.5, 22.0]",duckdb_sync_tpch_05_q22,282,5,55.905225216632545,17.88741564182961,17.781986999791116,0.6988397444976476,28.032469000201672,17.636861000210047,5044.25121099595,5045.770834002644,,
integer_sort,lovefield,[],1774375635541,"[1000.0, 1.0, 1.0]",lovefield_integer_sort_1000_1_1,14630,6,2454.8290118384566,0.4073603477787993,0.3634559999918565,0.12147159784340314,6.612798999994993,0.3077430000412278,5959.681888003834,5996.869636998803,,
integer_sort,lovefield,[],1774375635541,"[10000.0, 1.0, 1.0]",lovefield_integer_sort_10000_1_1,751,5,149.94827110099968,6.668966521971011,6.4619990000501275,0.742367760415967,16.31512099999236,6.030407999991439,5008.393858000229,5012.702203000023,,
integer_sort,lovefield,[],1774375635541,"[100000.0, 1.0, 1.0]",lovefield_integer_sort_100000_1_1,44,5,8.177376785255591,122.28860504545578,121.12326399993617,6.614631989297997,147.9462240000721,113.591630000039,5380.6986220000545,5381.403095999849,,
integer_sort,lovefield,[],1774375635541,"[1000.0, 2.0, 2.0]",lovefield_integer_sort_1000_2_2,15290,6,2563.84694127996,0.3900388841077876,0.34704499994404614,0.11390901438542644,2.728512000059709,0.31940899998880923,5963.694538008072,5998.567173998221,,
integer_sort,lovefield,[],1774375635541,"[10000.0, 2.0, 2.0]",lovefield_integer_sort_10000_2_2,803,5,160.423160384631,6.2335138991302586,6.066514999954961,0.8849481351819929,24.829199000028893,5.4057449999963865,5005.5116610015975,5009.70855999738,,
integer_sort,lovefield,[],1774375635541,"[100000.0, 2.0, 2.0]",lovefield_integer_sort_100000_2_2,44,5,8.148578796010458,122.72078665909198,121.99406900000758,6.301843426659252,151.38496000005398,115.47060400003102,5399.714613000047,5400.345042000525,,
integer_topk,lovefield,[],1774375635541,"[1000.0, 1.0, 1.0, 100.0]",lovefield_integer_sort_1000_1_1,15446,6,2591.8745032348443,0.38582114942368106,0.3466539999935776,0.10808157073197303,1.8909079999430105,0.29740099993068725,5959.393473998178,5997.90187599021,,
integer_topk,lovefield,[],1774375635541,"[10000.0, 1.0, 1.0, 100.0]",lovefield_integer_sort_10000_1_1,821,5,163.55211075262557,6.114259213153852,5.974836000008509,0.4380579233946662,10.62794599996414,5.392822000081651,5019.806813999312,5024.247027000645,,
integer_topk,lovefield,[],1774375635541,"[100000.0, 1.0, 1.0, 100.0]",lovefield_integer_sort_100000_1_1,45,5,8.664687048697225,115.41097726666938,114.8700550000649,5.426309443079776,138.20891699998174,107.2393639999209,5193.493977000122,5194.123115999741,,
integer_sort,sqljs,[],1774375635541,"[1000.0, 1.0, 1.0]",sqljs_integer_sort_1000_1_1,16985,6,2854.3338133569646,0.35034444651163843,0.336007000063546,0.12325340993262111,7.724934000056237,0.2928170000668615,5950.6004240001785,5997.261924011167,,
integer_sort,sqljs,[],1774375635541,"[10000.0, 1.0, 1.0]",sqljs_integer_sort_10000_1_1,1000,5,199.51425274432617,5.012173246998456,4.8185689999954775,0.8629552508262816,7.323342000017874,3.8922249999595806,5012.173246998456,5016.083389000734,,
integer_sort,sqljs,[],1774375635541,"[100000.0, 1.0, 1.0]",sqljs_integer_sort_100000_1_1,80,5,15.466839641305217,64.65444933749968,61.63713699998334,7.957982229749784,88.56955300003756,57.48571100004483,5172.355946999975,5173.644958999823,,
integer_sort,sqljs,[],1774375635541,"[1000.0, 2.0, 2.0]",sqljs_integer_sort_1000_2_2,13607,6,2281.721914894583,0.43826550180029317,0.4344679999630898,0.05192022768253596,2.4972379999235272,0.377693000016734,5963.478682996589,5998.774878002936,,
integer_sort,sqljs,[],1774375635541,"[10000.0, 2.0, 2.0]",sqljs_integer_sort_10000_2_2,1000,5,199.57694624926535,5.010598763000569,5.003885000012815,0.31333539664804216,5.977853000047617,4.584245000034571,5010.598763000569,5014.175402001012,,
integer_sort,sqljs,[],1774375635541,"[100000.0, 2.0, 2.0]",sqljs_integer_sort_100000_2_2,69,5,13.285807297259053,75.26829026086405,71.72662599990144,7.6741563667526735,97.24626899999566,68.99759300006554,5193.512027999619,5194.517193000764,,
integer_topk,sqljs,[],1774375635541,"[1000.0, 1.0, 1.0, 100.0]",sqljs_integer_topk_1000_1_1_100,25472,6,4294.404043992922,0.23286118161117494,0.23163699998985976,0.027377685307044222,2.1951289999997243,0.20540700003039092,5931.440017999848,5995.939260000014,,
integer_topk,sqljs,[],1774375635541,"[10000.0, 1.0, 1.0, 100.0]",sqljs_integer_topk_10000_1_1_100,4454,5,892.6233708637764,1.1202933203869814,1.1032300000078976,0.05616938340946453,3.0939119999529794,1.0564729999750853,4989.786449003615,5001.60299200064,,
integer_topk,sqljs,[],1774375635541,"[100000.0, 1.0, 1.0, 100.0]",sqljs_integer_topk_100000_1_1_100,521,5,103.8921687092715,9.625364571976236,9.573361000046134,0.2668030770009641,11.134940000018105,9.221614999929443,5014.814941999619,5016.383452998591,,
integer_sort,arquero,[],1774375635541,"[1000.0, 1.0, 1.0]",arquero_integer_sort_1000_1_1,9560,6,1600.140291727759,0.6249452033485422,0.6235059999162331,0.11900884785926905,10.180958000011742,0.5660810000263155,5974.476144012064,5999.9839099996025,,
integer_sort,arquero,[],1774375635541,"[10000.0, 1.0, 1.0]",arquero_integer_sort_10000_1_1,280,5,55.3362757801158,18.07132818214221,17.954399999929592,1.068277934897245,28.303667000029236,16.97185700002592,5059.971890999819,5061.072671001661,,
integer_sort,arquero,[],1774375635541,"[100000.0, 1.0, 1.0]",arquero_integer_sort_100000_1_1,16,4,3.1173445956219252,320.7858384999927,321.1638789999997,2.797738193899579,326.7921460000798,314.88280000002123,5132.573415999883,5132.69393400033,,
integer_sort,arquero,[],1774375635541,"[1000.0, 2.0, 2.0]",arquero_integer_sort_1000_2_2,7577,5,1520.7778274760308,0.6575582454799836,0.6658580000512302,0.12118875205816411,10.372826999984682,0.6110059999627993,4982.318826001836,5000.125496994937,,
integer_sort,arquero,[],1774375635541,"[10000.0, 2.0, 2.0]",arquero_integer_sort_10000_2_2,279,5,55.16388147399674,18.12780343369025,18.351482999976724,0.5061442744766699,19.753742999979295,17.09663400007412,5057.65715799958,5058.6449039995205,,
integer_sort,arquero,[],1774375635541,"[100000.0, 2.0, 2.0]",arquero_integer_sort_100000_2_2,16,4,3.118696904019451,320.6467415000079,322.61942900007125,6.388748605205816,333.53087600006256,306.459693999961,5130.347864000127,5130.46869800007,,
integer_topk,arquero,[],1774375635541,"[1000.0, 1.0, 1.0, 100.0]",arquero_integer_topk_1000_1_1_100,6818,5,1368.549073611931,0.7307008709309626,0.7407029999885708,0.044547731306783175,1.5627269999822602,0.6744409999810159,4981.918538007303,5000.8662449939875,,
integer_topk,arquero,[],1774375635541,"[10000.0, 1.0, 1.0, 100.0]",arquero_integer_topk_10000_1_1_100,294,5,58.29428035250959,17.154341625849572,17.191052999929525,0.546456145777684,21.951406000065617,16.26609099993948,5043.376437999774,5044.465199999278,,
integer_topk,arquero,[],1774375635541,"[100000.0, 1.0, 1.0, 100.0]",arquero_integer_topk_100000_1_1_100,20,5,3.3172386580595172,301.45554874998635,301.76771799998824,3.9578402681485767,309.5352299999213,294.3780929999193,6029.110974999727,6029.2523059997475,,
integer_sort,duckdb,[sync],1774375635541,"[1000.0, 1.0, 1.0]",duckdb_sync_integer_sort_1000_1_1,9821,6,1651.1089978462448,0.6056535342635946,0.5329320000018924,0.32052006649697834,7.007080000010319,0.46038799989037216,5948.123360002763,5997.907955996925,,
integer_sort,duckdb,[sync],1774375635541,"[10000.0, 1.0, 1.0]",duckdb_sync_integer_sort_10000_1_1,362,5,72.0179772261498,13.885421925414745,14.156863000011072,1.9773669486265084,17.574037000071257,1.7814309999812394,5026.522737000138,5028.544452000991,,
integer_sort,duckdb,[sync],1774375635541,"[100000.0, 1.0, 1.0]",duckdb_sync_integer_sort_100000_1_1,222,5,44.103064808150584,22.67416118018157,22.475897999946028,1.724375983971284,40.37766300002113,21.345155999995768,5033.663782000309,5035.076009999728,,
integer_sort,duckdb,[sync],1774375635541,"[1000.0, 2.0, 2.0]",duckdb_sync_integer_sort_1000_2_2,8396,6,1408.6359839176675,0.7099066127920586,0.7053839999716729,0.16826866731295745,13.257882999954745,0.627496000030078,5960.3759210021235,5999.150122997817,,
integer_sort,duckdb,[sync],1774375635541,"[10000.0, 2.0, 2.0]",duckdb_sync_integer_sort_10000_2_2,337,5,66.81256128499486,14.96724539169232,14.94441699993331,1.3030389994337295,34.32088100002147,3.56367499998305,5043.961697000312,5045.857725000125,,
integer_sort,duckdb,[sync],1774375635541,"[100000.0, 2.0, 2.0]",duckdb_sync_integer_sort_100000_2_2,172,5,33.898161929482036,29.500124581394378,29.230947999982163,2.2799469098285194,53.988127000047825,27.67257499997504,5074.021427999833,5075.6300999994855,,
integer_topk,duckdb,[sync],1774375635541,"[1000.0, 1.0, 1.0, 100.0]",duckdb_sync_integer_topk_1000_1_1_100,13331,6,2248.4358884209378,0.4447536196828337,0.4372979999752715,0.11053901613186329,3.2231699998956174,0.3944579999661073,5929.010503991856,5996.192881993484,,
integer_topk,duckdb,[sync],1774375635541,"[10000.0, 1.0, 1.0, 100.0]",duckdb_sync_integer_topk_10000_1_1_100,11250,6,1892.0119029915268,0.5285379010665127,0.5253589999629185,0.12382055881289689,7.381539999973029,0.47797299991361797,5946.051386998268,5998.032894001575,,
integer_topk,duckdb,[sync],1774375635541,"[100000.0, 1.0, 1.0, 100.0]",duckdb_sync_integer_topk_100000_1_1_100,4829,5,969.7730823485037,1.0311690623318763,1.033197999931872,0.10749508926339685,3.6872890000231564,0.9280830000061542,4979.51540200063,5001.943006001064,,
tpch,duckdb,[sync],1774376202292,"[0.01, 1.0]",duckdb_sync_tpch_001_q1,877,5,175.42383908211303,5.70047950855708,5.392226999858394,1.4116736129876881,19.173899999819696,4.844569999957457,4999.320529004559,5006.489485003054,,
tpch,duckdb,[sync],1774376202292,"[0.01, 2.0]",duckdb_sync_tpch_001_q2,1038,5,207.4385128102271,4.820705598264866,4.594933999935165,0.9765305363380571,14.517923000035807,4.249612999847159,5003.892410998931,5009.675399997504,,
tpch,duckdb,[sync],1774376202292,"[0.01, 3.0]",duckdb_sync_tpch_001_q3,1834,5,367.6232940590504,2.720175832599369,2.7115469998680055,0.3871216230134712,9.549896999960765,2.4634459998924285,4988.802476987243,5004.118091998855,,
tpch,duckdb,[sync],1774376202292,"[0.01, 4.0]",duckdb_sync_tpch_001_q4,1644,5,328.5947311432809,3.043262430047786,3.0039200000464916,0.31819823444118295,8.088205999927595,2.810762000037357,5003.123434998561,5010.360722001875,,
tpch,duckdb,[sync],1774376202292,"[0.01, 5.0]",duckdb_sync_tpch_001_q5,1033,5,206.49884769586552,4.842642034849582,4.839257000014186,0.4086557620979939,12.677184999920428,4.485309999901801,5002.449221999617,5014.347036001971,,
tpch,duckdb,[sync],1774376202292,"[0.01, 6.0]",duckdb_sync_tpch_001_q6,4975,5,999.2011209274733,1.0007995177905575,1.0058679999783635,0.151972357454585,5.305874000070617,0.8987290000077337,4978.977601008024,5001.318405001657,,
tpch,duckdb,[sync],1774376202292,"[0.01, 7.0]",duckdb_sync_tpch_001_q7,978,5,195.2079122978778,5.122743172797466,5.1171940001659095,0.6417792981556935,14.229493000078946,4.700591000029817,5010.042822995922,5014.496101000346,,
tpch,duckdb,[sync],1774376202292,"[0.01, 8.0]",duckdb_sync_tpch_001_q8,855,5,170.5753891740111,5.862510440939743,5.862639999948442,0.6666400351717074,15.188721999991685,5.3634269998874515,5012.4464270034805,5016.254434996983,,
tpch,duckdb,[sync],1774376202292,"[0.01, 9.0]",duckdb_sync_tpch_001_q9,822,5,163.89829254291183,6.1013448308998095,6.079237999860197,0.6262608463008505,13.795513000106439,5.580370000097901,5015.305450999644,5019.57744400017,,
tpch,duckdb,[sync],1774376202292,"[0.01, 10.0]",duckdb_sync_tpch_001_q10,893,5,178.38217634702107,5.605941246364324,5.55730800004676,0.47447676924796617,12.093704999890178,5.056317999958992,5006.105533003341,5010.793293996714,,
tpch,duckdb,[sync],1774376202292,"[0.01, 11.0]",duckdb_sync_tpch_001_q11,2178,5,436.77749631068326,2.289495242879208,2.2340829998720437,0.400051597022138,10.21410599979572,2.011489000171423,4986.520638990914,5003.933252993273,,
tpch,duckdb,[sync],1774376202292,"[0.01, 12.0]",duckdb_sync_tpch_001_q12,1283,5,256.33168916217795,3.9011953741205683,3.879751999862492,0.38796065351815207,10.653402999974787,3.5287999999709427,5005.233664996689,5011.409326995723,,
tpch,duckdb,[sync],1774376202292,"[0.01, 13.0]",duckdb_sync_tpch_001_q13,1432,5,286.34524174110686,3.4922878198343845,3.534698999952525,0.2887786825114152,9.717479000100866,3.2447900001425296,5000.9561580028385,5007.443873000331,,
tpch,duckdb,[sync],1774376202292,"[0.01, 14.0]",duckdb_sync_tpch_001_q14,3129,5,627.2641903073323,1.5942245953974246,1.5758569999597967,0.26781529953363237,6.987953000003472,1.4705430001486093,4988.328758998541,5000.799802992027,,
tpch,duckdb,[sync],1774376202292,"[0.01, 15.0]",duckdb_sync_tpch_001_q15,2238,5,448.102702493501,2.2316312631801267,2.2101199999451637,0.23811860339515784,6.584981000050902,2.0846860001329333,4994.390766997123,5004.232078989735,,
tpch,duckdb,[sync],1774376202292,"[0.01, 16.0]",duckdb_sync_tpch_001_q16,1770,5,354.1197289432855,2.8239036638372563,2.7722729998640716,0.4083977421716752,10.014784999890253,2.6219709999859333,4998.3094849919435,5006.222702997504,,
tpch,duckdb,[sync],1774376202292,"[0.01, 17.0]",duckdb_sync_tpch_001_q17,3400,5,682.4874049244429,1.4652285050018006,1.4466389999724925,0.2503821751766382,7.519848000025377,1.3651769999414682,4981.776917006122,5002.249276002869,,
tpch,duckdb,[sync],1774376202292,"[0.01, 18.0]",duckdb_sync_tpch_001_q18,1173,5,234.67840121945775,4.261150556692507,4.270833999849856,0.4557580455524515,13.4317850000225,3.91313900006935,4998.329603000311,5009.845113996416,,
tpch,duckdb,[sync],1774376202292,"[0.01, 19.0]",duckdb_sync_tpch_001_q19,961,5,191.81896604879122,5.2132488283021985,5.158707000082359,0.5414425592382338,13.892779000103474,4.751470000017434,5009.932123998413,5014.276373997098,,
tpch,duckdb,[sync],1774376202292,"[0.01, 20.0]",duckdb_sync_tpch_001_q20,1180,5,235.63891954966172,4.243781128818351,4.208129999926314,0.38325956704411984,11.343921999912709,3.8193179999943823,5007.661732005654,5012.990348000778,,
tpch,duckdb,[sync],1774376202292,"[0.01, 21.0]",duckdb_sync_tpch_001_q21,799,5,159.2113227574407,6.280960315388531,6.2221510000526905,0.5539213937424069,14.871860999846831,5.674934000009671,5018.487291995436,5022.262451999821,,
tpch,duckdb,[sync],1774376202292,"[0.01, 22.0]",duckdb_sync_tpch_001_q22,1967,5,393.7363065590134,2.539770865276097,2.548996000085026,0.3600193865715099,9.157533999998122,2.3256510000210255,4995.729291998083,5004.333931998815,,
tpch,sqljs,[],1774377347711,"[0.5, 1.0]",sqljs_tpch_05_q1,1,1,0.14808088787833557,6753.065938000102,6753.065938000102,0.0,6753.065938000102,6753.065938000102,6753.065938000102,6753.18248500023,,
tpch,sqljs,[],1774377347711,"[0.5, 2.0]",sqljs_tpch_05_q2,35,5,6.702944850378262,149.1881586857406,148.46360999997705,2.515346346730784,162.05130700021982,147.4329439997673,5221.585554000922,5222.260983000509,,
tpch,sqljs,[],1774377347711,"[0.5, 3.0]",sqljs_tpch_05_q3,5,5,0.9251658482137894,1080.8872829997913,1080.3798710000701,2.4271996543769485,1084.5461839996278,1077.6918159998022,5404.436414998956,5404.554133000318,,
tpch,sqljs,[],1774377347711,"[0.5, 4.0]",sqljs_tpch_05_q4,25,5,4.157732662382641,240.5157044000365,240.57078800024465,0.4485823391748322,241.37489599967375,239.86095299990848,6012.892610000912,6013.312020001002,,
tpch,sqljs,[],1774377347711,"[0.5, 5.0]",sqljs_tpch_05_q5,5,5,0.8504910953310333,1175.7912639999763,1173.4588509998284,4.597178401630008,1184.4786109998822,1171.8491199999116,5878.956319999881,5879.061892999336,,
tpch,sqljs,[],1774377347711,"[0.5, 6.0]",sqljs_tpch_05_q6,8,4,1.3742281687643274,727.6811978750047,727.4166410001926,1.0976812786568928,729.9316149996594,726.311786999926,5821.449583000038,5821.555107000284,,
tpch,sqljs,[],1774377347711,"[0.5, 7.0]",sqljs_tpch_05_q7,4,4,0.6210933555948202,1610.0639154999517,1611.1088620000519,1.3409549476404408,1611.317873999942,1607.9434239999391,6440.255661999807,6440.4722830001265,,
tpch,sqljs,[],1774377347711,"[0.5, 8.0]",sqljs_tpch_05_q8,2,2,0.397023241778098,2518.7442314999644,2520.8659210000187,2.1216895000543445,2520.8659210000187,2516.62254199991,5037.488462999929,5037.85528499959,,
tpch,sqljs,[],1774377347711,"[0.5, 9.0]",sqljs_tpch_05_q9,2,2,0.20255623688135932,4936.90056349989,4943.1312330001965,6.230669500306249,4943.1312330001965,4930.669893999584,9873.80112699978,9874.091587999836,,
tpch,sqljs,[],1774377347711,"[0.5, 10.0]",sqljs_tpch_05_q10,8,4,1.2923887765708395,773.7609751249547,773.5880539999343,1.546496446825999,776.478579999879,771.7531389999203,6190.087800999638,6193.918578999117,,
tpch,sqljs,[],1774377347711,"[0.5, 11.0]",sqljs_tpch_05_q11,15,5,2.6361209361056126,379.34526686674604,379.23979500029236,0.8701093919448933,381.35869400016963,378.2113329996355,5690.179003001191,5690.435530999675,,
tpch,sqljs,[],1774377347711,"[0.5, 12.0]",sqljs_tpch_05_q12,8,4,1.573420725431947,635.5579177498585,635.091376000084,1.7981574675009526,640.1271999999881,634.2910929997452,5084.463341998868,5084.607451000251,,
tpch,sqljs,[],1774377347711,"[0.5, 13.0]",sqljs_tpch_05_q13,2,2,0.271964435232557,3676.9513600000646,3679.0403860001825,2.089026000117883,3679.0403860001825,3674.8623339999467,7353.902720000129,7353.953764999751,,
tpch,sqljs,[],1774377347711,"[0.5, 14.0]",sqljs_tpch_05_q14,8,4,1.457887633317286,685.9239197499701,685.6525340001099,1.2863581547600385,688.1716449996457,684.6514230002649,5487.391357999761,5487.549682999961,,
tpch,sqljs,[],1774377347711,"[0.5, 15.0]",sqljs_tpch_05_q15,4,4,0.7197366866076571,1389.3970094998367,1391.9871299997903,4.517474779195431,1395.3684350000694,1383.9730759998783,5557.588037999347,5557.661825000308,,
tpch,sqljs,[],1774377347711,"[0.5, 16.0]",sqljs_tpch_05_q16,20,5,3.6396976867985775,274.7480933999177,273.2401350000873,2.44496194051742,279.70152000011876,272.0872639999725,5494.961867998354,5495.2490529990755,,
tpch,sqljs,[],1774377347711,"[0.5, 18.0]",sqljs_tpch_05_q18,8,4,1.236412923919058,808.7912870000582,806.783676000312,4.676553617016014,820.4825699999928,805.7183960000984,6470.330296000466,6470.448834000155,,
tpch,sqljs,[],1774377347711,"[0.5, 19.0]",sqljs_tpch_05_q19,8,4,1.279816087356747,781.3622674999642,779.4880969999358,5.19280739533816,794.8906950000674,778.0074789999053,6250.898139999714,6251.040515000466,,
tpch,sqljs,[],1774377347711,"[0.5, 21.0]",sqljs_tpch_05_q21,2,2,0.2123021204741421,4710.268544499995,4712.496644000057,2.228099500061944,4712.496644000057,4708.040444999933,9420.53708899999,9420.581762999762,,
tpch,lovefield,[],1774377542106,"[0.5, 1.0]",lovefield_tpch_05_q1,1,1,0.0,0.0,0.0,0.0,0.0,0.0,0.0,0.0,Lovefield does not support arithmetic operations and nested subqueries. Aggregates and order by clauses were often simplified. Some queries with nesting were dropped.,Benchmark `lovefield_tpch_05_q1` failed to run `fn`: a.getTime is not a function
tpch,lovefield,[],1774377542106,"[0.5, 3.0]",lovefield_tpch_05_q3,1,1,0.0,0.0,0.0,0.0,0.0,0.0,0.0,0.0,Lovefield does not support arithmetic operations and nested subqueries. Aggregates and order by clauses were often simplified. Some queries with nesting were dropped.,Benchmark `lovefield_tpch_05_q3` failed to run `fn`: a.getTime is not a function
tpch,lovefield,[],1774377542106,"[0.5, 4.0]",lovefield_tpch_05_q4,1,1,0.0,0.0,0.0,0.0,0.0,0.0,0.0,0.0,Lovefield does not support arithmetic operations and nested subqueries. Aggregates and order by clauses were often simplified. Some queries with nesting were dropped.,Benchmark `lovefield_tpch_05_q4` failed to run `fn`: a.getTime is not a function
tpch,lovefield,[],1774377542106,"[0.5, 5.0]",lovefield_tpch_05_q5,1,1,0.0,0.0,0.0,0.0,0.0,0.0,0.0,0.0,Lovefield does not support arithmetic operations and nested subqueries. Aggregates and order by clauses were often simplified. Some queries with nesting were dropped.,Benchmark `lovefield_tpch_05_q5` failed to run `fn`: a.getTime is not a function
tpch,lovefield,[],1774377542106,"[0.5, 6.0]",lovefield_tpch_05_q6,5,3,0.881444064239715,1134.501939000003,927.5564879998565,421.26047244703034,1976.9248480000533,911.8464669999667,5672.509695000015,5672.799944999162,Lovefield does not support arithmetic operations and nested subqueries. Aggregates and order by clauses were often simplified. Some queries with nesting were dropped.,
tpch,lovefield,[],1774377542106,"[0.5, 7.0]",lovefield_tpch_05_q7,1,1,0.0,0.0,0.0,0.0,0.0,0.0,0.0,0.0,Lovefield does not support arithmetic operations and nested subqueries. Aggregates and order by clauses were often simplified. Some queries with nesting were dropped.,Benchmark `lovefield_tpch_05_q7` failed to run `fn`: a.getTime is not a function
tpch,lovefield,[],1774377542106,"[0.5, 8.0]",lovefield_tpch_05_q8,1,1,0.0,0.0,0.0,0.0,0.0,0.0,0.0,0.0,Lovefield does not support arithmetic operations and nested subqueries. Aggregates and order by clauses were often simplified. Some queries with nesting were dropped.,Benchmark `lovefield_tpch_05_q8` failed to run `fn`: a.getTime is not a function
tpch,lovefield,[],1774377542106,"[0.5, 10.0]",lovefield_tpch_05_q10,1,1,0.0,0.0,0.0,0.0,0.0,0.0,0.0,0.0,Lovefield does not support arithmetic operations and nested subqueries. Aggregates and order by clauses were often simplified. Some queries with nesting were dropped.,Benchmark `lovefield_tpch_05_q10` failed to run `fn`: a.getTime is not a function
tpch,lovefield,[],1774377542106,"[0.5, 12.0]",lovefield_tpch_05_q12,1,1,0.0,0.0,0.0,0.0,0.0,0.0,0.0,0.0,Lovefield does not support arithmetic operations and nested subqueries. Aggregates and order by clauses were often simplified. Some queries with nesting were dropped.,Benchmark `lovefield_tpch_05_q12` failed to run `fn`: a.getTime is not a function
tpch,lovefield,[],1774377542106,"[0.5, 13.0]",lovefield_tpch_05_q13,2,2,0.18800893905233235,5318.896032500081,6178.720964000095,859.8249315000139,6178.720964000095,4459.071101000067,10637.792065000162,10637.839302000124,"",
tpch,lovefield,[],1774377542106,"[0.5, 14.0]",lovefield_tpch_05_q14,1,1,0.0,0.0,0.0,0.0,0.0,0.0,0.0,0.0,"",Benchmark `lovefield_tpch_05_q14` failed to run `fn`: a.getTime is not a function
tpch,lovefield,[],1774377542106,"[0.5, 16.0]",lovefield_tpch_05_q16,6,3,1.0674519429546896,936.8103234999193,934.7788519999012,17.541765883330246,974.1208660001867,924.14993699966,5620.861940999515,5620.991952000186,"",
tpch,lovefield,[],1774377542106,"[0.5, 19.0]",lovefield_tpch_05_q19,1,1,0.1452777511164106,6883.36646399973,6883.36646399973,0.0,6883.36646399973,6883.36646399973,6883.36646399973,6883.391829999629,Lovefield does not support arithmetic operations and nested subqueries. Aggregates and order by clauses were often simplified. Some queries with nesting were dropped.,
tpch,arquero,[],1774376774361,"[0.1, 1.0]",arquero_tpch_01_q1,0,0,0.0,0.0,0.0,0.0,0.0,0.0,0.0,0.0,Arquero does not implement join reordering and query unnesting. The plans were generated by a relational database and were manually migrated to the Arquero API.,"Benchmark `arquero_tpch_01_q1` failed to run `before` callback: Unrecognized type: ""undefined"""
tpch,arquero,[],1774376774361,"[0.1, 2.0]",arquero_tpch_01_q2,0,0,0.0,0.0,0.0,0.0,0.0,0.0,0.0,0.0,Arquero does not implement join reordering and query unnesting. The plans were generated by a relational database and were manually migrated to the Arquero API.,"Benchmark `arquero_tpch_01_q2` failed to run `before` callback: Unrecognized type: ""undefined"""
tpch,arquero,[],1774376774361,"[0.1, 3.0]",arquero_tpch_01_q3,0,0,0.0,0.0,0.0,0.0,0.0,0.0,0.0,0.0,Arquero does not implement join reordering and query unnesting. The plans were generated by a relational database and were manually migrated to the Arquero API.,"Benchmark `arquero_tpch_01_q3` failed to run `before` callback: Unrecognized type: ""undefined"""
tpch,arquero,[],1774376774361,"[0.1, 4.0]",arquero_tpch_01_q4,0,0,0.0,0.0,0.0,0.0,0.0,0.0,0.0,0.0,Arquero does not implement join reordering and query unnesting. The plans were generated by a relational database and were manually migrated to the Arquero API.,"Benchmark `arquero_tpch_01_q4` failed to run `before` callback: Unrecognized type: ""undefined"""
tpch,arquero,[],1774376774361,"[0.1, 5.0]",arquero_tpch_01_q5,0,0,0.0,0.0,0.0,0.0,0.0,0.0,0.0,0.0,Arquero does not implement join reordering and query unnesting. The plans were generated by a relational database and were manually migrated to the Arquero API.,"Benchmark `arquero_tpch_01_q5` failed to run `before` callback: Unrecognized type: ""undefined"""
tpch,arquero,[],1774376774361,"[0.1, 6.0]",arquero_tpch_01_q6,0,0,0.0,0.0,0.0,0.0,0.0,0.0,0.0,0.0,Arquero does not implement join reordering and query unnesting. The plans were generated by a relational database and were manually migrated to the Arquero API.,"Benchmark `arquero_tpch_01_q6` failed to run `before` callback: Unrecognized type: ""undefined"""
tpch,arquero,[],1774376774361,"[0.1, 7.0]",arquero_tpch_01_q7,0,0,0.0,0.0,0.0,0.0,0.0,0.0,0.0,0.0,Arquero does not implement join reordering and query unnesting. The plans were generated by a relational database and were manually migrated to the Arquero API.,"Benchmark `arquero_tpch_01_q7` failed to run `before` callback: Unrecognized type: ""undefined"""
tpch,arquero,[],1774376774361,"[0.1, 8.0]",arquero_tpch_01_q8,0,0,0.0,0.0,0.0,0.0,0.0,0.0,0.0,0.0,Arquero does not implement join reordering and query unnesting. The plans were generated by a relational database and were manually migrated to the Arquero API.,"Benchmark `arquero_tpch_01_q8` failed to run `before` callback: Unrecognized type: ""undefined"""
tpch,arquero,[],1774376774361,"[0.1, 10.0]",arquero_tpch_01_q10,0,0,0.0,0.0,0.0,0.0,0.0,0.0,0.0,0.0,Arquero does not implement join reordering and query unnesting. The plans were generated by a relational database and were manually migrated to the Arquero API.,"Benchmark `arquero_tpch_01_q10` failed to run `before` callback: Unrecognized type: ""undefined"""
tpch,arquero,[],1774376774361,"[0.1, 11.0]",arquero_tpch_01_q11,0,0,0.0,0.0,0.0,0.0,0.0,0.0,0.0,0.0,Arquero does not implement join reordering and query unnesting. The plans were generated by a relational database and were manually migrated to the Arquero API.,"Benchmark `arquero_tpch_01_q11` failed to run `before` callback: Unrecognized type: ""undefined"""
tpch,arquero,[],1774376774361,"[0.1, 12.0]",arquero_tpch_01_q12,0,0,0.0,0.0,0.0,0.0,0.0,0.0,0.0,0.0,Arquero does not implement join reordering and query unnesting. The plans were generated by a relational database and were manually migrated to the Arquero API.,"Benchmark `arquero_tpch_01_q12` failed to run `before` callback: Unrecognized type: ""undefined"""
tpch,arquero,[],1774376774361,"[0.1, 13.0]",arquero_tpch_01_q13,0,0,0.0,0.0,0.0,0.0,0.0,0.0,0.0,0.0,Arquero does not implement join reordering and query unnesting. The plans were generated by a relational database and were manually migrated to the Arquero API.,"Benchmark `arquero_tpch_01_q13` failed to run `before` callback: Unrecognized type: ""undefined"""
tpch,arquero,[],1774376774361,"[0.1, 14.0]",arquero_tpch_01_q14,0,0,0.0,0.0,0.0,0.0,0.0,0.0,0.0,0.0,Arquero does not implement join reordering and query unnesting. The plans were generated by a relational database and were manually migrated to the Arquero API.,"Benchmark `arquero_tpch_01_q14` failed to run `before` callback: Unrecognized type: ""undefined"""
tpch,arquero,[],1774376774361,"[0.1, 15.0]",arquero_tpch_01_q15,0,0,0.0,0.0,0.0,0.0,0.0,0.0,0.0,0.0,Arquero does not implement join reordering and query unnesting. The plans were generated by a relational database and were manually migrated to the Arquero API.,"Benchmark `arquero_tpch_01_q15` failed to run `before` callback: Unrecognized type: ""undefined"""
tpch,arquero,[],1774376774361,"[0.1, 16.0]",arquero_tpch_01_q16,0,0,0.0,0.0,0.0,0.0,0.0,0.0,0.0,0.0,Arquero does not implement join reordering and query unnesting. The plans were generated by a relational database and were manually migrated to the Arquero API.,"Benchmark `arquero_tpch_01_q16` failed to run `before` callback: Unrecognized type: ""undefined"""
tpch,arquero,[],1774376774361,"[0.1, 17.0]",arquero_tpch_01_q17,0,0,0.0,0.0,0.0,0.0,0.0,0.0,0.0,0.0,Arquero does not implement join reordering and query unnesting. The plans were generated by a relational database and were manually migrated to the Arquero API.,"Benchmark `arquero_tpch_01_q17` failed to run `before` callback: Unrecognized type: ""undefined"""
tpch,arquero,[],1774376774361,"[0.1, 18.0]",arquero_tpch_01_q18,0,0,0.0,0.0,0.0,0.0,0.0,0.0,0.0,0.0,Arquero does not implement join reordering and query unnesting. The plans were generated by a relational database and were manually migrated to the Arquero API.,"Benchmark `arquero_tpch_01_q18` failed to run `before` callback: Unrecognized type: ""undefined"""
tpch,arquero,[],1774376774361,"[0.1, 19.0]",arquero_tpch_01_q19,0,0,0.0,0.0,0.0,0.0,0.0,0.0,0.0,0.0,Arquero does not implement join reordering and query unnesting. The plans were generated by a relational database and were manually migrated to the Arquero API.,"Benchmark `arquero_tpch_01_q19` failed to run `before` callback: Unrecognized type: ""undefined"""
tpch,arquero,[],1774376774361,"[0.1, 20.0]",arquero_tpch_01_q20,0,0,0.0,0.0,0.0,0.0,0.0,0.0,0.0,0.0,Arquero does not implement join reordering and query unnesting. The plans were generated by a relational database and were manually migrated to the Arquero API.,"Benchmark `arquero_tpch_01_q20` failed to run `before` callback: Unrecognized type: ""undefined"""
tpch,arquero,[],1774376774361,"[0.1, 22.0]",arquero_tpch_01_q22,0,0,0.0,0.0,0.0,0.0,0.0,0.0,0.0,0.0,Arquero does not implement join reordering and query unnesting. The plans were generated by a relational database and were manually migrated to the Arquero API.,"Benchmark `arquero_tpch_01_q22` failed to run `before` callback: Unrecognized type: ""undefined"""
tpch,sqljs,[],1774376313359,"[0.01, 1.0]",sqljs_tpch_001_q1,61,5,11.763877394554699,85.0059862459025,83.78966200002469,10.098922295269245,161.3225860001985,79.33633599989116,5185.3651610000525,5186.74101399933,,
tpch,sqljs,[],1774376313359,"[0.01, 2.0]",sqljs_tpch_001_q2,2052,5,411.06328686922086,2.4327154283621257,2.4493019999936223,0.13241093009508578,3.883325999835506,2.2291029999032617,4991.932058999082,5005.6192809965,,
tpch,sqljs,[],1774376313359,"[0.01, 3.0]",sqljs_tpch_001_q3,244,5,48.14683667231146,20.769796504099,20.795535000041127,0.2914487462040671,22.29745600000024,19.561321000102907,5067.830347000156,5069.299436999951,,
tpch,sqljs,[],1774376313359,"[0.01, 4.0]",sqljs_tpch_001_q4,1064,5,212.33187476092854,4.709608489662388,4.577286000130698,0.28780574192390024,7.077021999983117,4.532393000088632,5011.023433000781,5015.810680003371,,
tpch,sqljs,[],1774376313359,"[0.01, 5.0]",sqljs_tpch_001_q5,220,5,43.14838655117849,23.175837613624225,23.110411999979988,0.325158500020623,26.59778599999845,22.970833000028506,5098.684274997329,5099.601207002066,,
tpch,sqljs,[],1774376313359,"[0.01, 6.0]",sqljs_tpch_001_q6,305,5,60.14926612693022,16.625306747546116,16.606560999993235,0.16533243492412406,18.751096999971196,15.781017999863252,5070.718558001565,5071.779327000026,,
tpch,sqljs,[],1774376313359,"[0.01, 7.0]",sqljs_tpch_001_q7,180,5,35.41695601172495,28.23506344444015,28.199294000165537,0.19492543240214597,30.197225000010803,27.996145999990404,5082.311419999227,5083.083842999302,,
tpch,sqljs,[],1774376313359,"[0.01, 8.0]",sqljs_tpch_001_q8,150,5,29.721956329608,33.64516079999196,33.61372800008394,0.15527550962148437,34.42975400015712,33.4226820000913,5046.774119998794,5047.461790998699,,
tpch,sqljs,[],1774376313359,"[0.01, 9.0]",sqljs_tpch_001_q9,110,5,21.617116223686725,46.2596393363635,46.22171900002286,0.1422276163017188,46.79985299985856,46.0538059999235,5088.560326999985,5089.061514999252,,
tpch,sqljs,[],1774376313359,"[0.01, 10.0]",sqljs_tpch_001_q10,355,5,70.45719711931233,14.193014211260753,14.163418999873102,0.10823093538064775,14.731455000117421,13.638001999817789,5038.520044997567,5040.279816998867,,
tpch,sqljs,[],1774376313359,"[0.01, 11.0]",sqljs_tpch_001_q11,642,5,127.75892208210175,7.827241993771439,8.09034899994731,0.533746895904114,11.601085999980569,6.3973819999955595,5025.089360001264,5027.752600997454,,
tpch,sqljs,[],1774376313359,"[0.01, 12.0]",sqljs_tpch_001_q12,311,5,61.59008273541033,16.2363802025722,16.250171000137925,0.18061994550680888,16.9048279998824,15.456667000195011,5049.514242999954,5050.940084998496,,
tpch,sqljs,[],1774376313359,"[0.01, 13.0]",sqljs_tpch_001_q13,120,5,23.238606224949745,43.031840649994166,43.01786100002937,0.24921387041248605,45.21668599988334,42.24675600021146,5163.8208779993,5164.529278000351,,
tpch,sqljs,[],1774376313359,"[0.01, 14.0]",sqljs_tpch_001_q14,316,5,62.89635987262536,15.899171303794867,15.9471950000152,0.40293998051424557,20.268533000024036,14.672691999934614,5024.138131999178,5025.49601300247,,
tpch,sqljs,[],1774376313359,"[0.01, 15.0]",sqljs_tpch_001_q15,167,5,32.99108702323185,30.311217065864316,30.314231000142172,0.21054990609271224,30.760937999933958,29.227561000036076,5061.973249999341,5062.68696699827,,
tpch,sqljs,[],1774376313359,"[0.01, 16.0]",sqljs_tpch_001_q16,996,5,198.86331248003205,5.028579618477442,5.035298000089824,0.0989980046089918,6.456472000107169,4.633050999836996,5008.465300003532,5012.353485996369,,
tpch,sqljs,[],1774376313359,"[0.01, 17.0]",sqljs_tpch_001_q17,206,5,40.408689380750644,24.747152538839003,24.922419999958947,0.5890750524662098,29.318677000002936,23.085655000060797,5097.913423000835,5098.724017999601,,
tpch,sqljs,[],1774376313359,"[0.01, 18.0]",sqljs_tpch_001_q18,251,5,49.879137325795114,20.04846221514035,19.95420900010504,0.5872799615696415,22.518086000112817,19.15530400001444,5032.164016000228,5033.197014999576,,
tpch,sqljs,[],1774376313359,"[0.01, 19.0]",sqljs_tpch_001_q19,268,5,53.12176244103862,18.824676630598034,19.09798699989915,0.520834831736786,19.767421999946237,17.792589999968186,5045.013337000273,5046.121540003456,,
tpch,sqljs,[],1774376313359,"[0.01, 20.0]",sqljs_tpch_001_q20,12,4,2.351533101043007,425.25448591663735,424.3701800000854,7.218914151725189,436.48216899996623,415.1371449998114,5103.053830999648,5103.156920999754,,
tpch,sqljs,[],1774376313359,"[0.01, 21.0]",sqljs_tpch_001_q21,55,5,10.692663900862946,93.52206421818754,94.13503200002015,2.043143632292515,97.32428099983372,89.15367599995807,5143.713532000314,5144.214057999896,,
tpch,sqljs,[],1774376313359,"[0.01, 22.0]",sqljs_tpch_001_q22,44,5,8.076308857397594,123.81893977272028,124.40452000009827,1.8488635867618022,128.0297520000022,119.97080500004813,5448.033349999692,5448.2603930006735,,
integer_join3,lovefield,[],1774375925673,"[10.0, 100.0, 1000.0, 10.0, 10.0, 10.0]",lovefield_integer_join3_10_100_1000_10_10_10,13220,6,2219.9975122984056,0.4504509552196214,0.40691299992613494,0.14640859723052907,6.598072999971919,0.35029900004155934,5954.961628003395,5996.546084997826,,
integer_join3,lovefield,[],1774375925673,"[100.0, 1000.0, 10000.0, 10.0, 10.0, 100.0]",lovefield_integer_join3_100_1000_10000_100_10_10,1089,5,217.57550954911684,4.596105517906435,4.421292999992147,0.6496681567378227,12.807937000063248,3.751843999954872,5005.158909000107,5010.260842000251,,
integer_join3,lovefield,[],1774375925673,"[1000.0, 10000.0, 100000.0, 10.0, 10.0, 100.0]",lovefield_integer_join3_1000_10000_100000_100_10_10,134,5,26.43857422072951,37.82352223880276,36.454014999908395,7.974396789336211,76.59865800000262,29.201802999945357,5068.35197999957,5069.983320000349,,
integer_join3,lovefield,[],1774375925673,"[10000.0, 100000.0, 1000000.0, 10.0, 10.0, 100.0]",lovefield_integer_join3_10000_100000_1000000_100_10_10,15,5,2.734342286229209,365.71866113333186,354.1165439999895,40.74307105418838,508.84360699995887,343.7124360000016,5485.779916999978,5485.987021000008,,
integer_join3,sqljs,[],1774375925673,"[10.0, 100.0, 1000.0, 10.0, 10.0, 10.0]",sqljs_integer_join3_10_100_1000_10_10_10,4191,5,841.3277768490972,1.1885973903597418,1.1696869999868795,0.23378572968071568,7.561825999990106,1.082605000003241,4981.411662997678,5001.769434000016,,
integer_join3,sqljs,[],1774375925673,"[100.0, 1000.0, 10000.0, 10.0, 10.0, 100.0]",sqljs_integer_join3_100_1000_10000_100_10_10,351,5,69.76435467339188,14.333967606832891,14.388128999969922,0.5155199007223835,15.935424000024796,13.490405999938957,5031.222629998345,5032.726099999971,,
integer_join3,sqljs,[],1774375925673,"[1000.0, 10000.0, 100000.0, 10.0, 10.0, 100.0]",sqljs_integer_join3_1000_10000_100000_100_10_10,40,5,7.571113467661869,132.08096857499913,132.08781500009354,2.3724188202827157,137.1339989999542,127.13583400007337,5283.238742999965,5283.442743000109,,
integer_join3,sqljs,[],1774375925673,"[10000.0, 100000.0, 1000000.0, 10.0, 10.0, 100.0]",sqljs_integer_join3_10000_100000_1000000_100_10_10,3,3,0.4079451215643541,2451.3101080000247,2410.909895000048,70.30462888393136,2550.186630000011,2392.8337990000146,7353.930324000074,7353.992939999909,,
integer_join3,arquero,[],1774375925673,"[10.0, 100.0, 1000.0, 10.0, 10.0, 10.0]",arquero_integer_join3_10_100_1000_10_10_10,12539,6,2107.1011969134374,0.4745856541986869,0.4528890000656247,0.16756484610372133,12.950118000037037,0.3984490000875667,5950.829517997336,5997.730692003039,,
integer_join3,arquero,[],1774375925673,"[100.0, 1000.0, 10000.0, 10.0, 10.0, 100.0]",arquero_integer_join3_100_1000_10000_100_10_10,1190,5,237.63283336669772,4.208172691594653,4.1884280000813305,0.28471374223413454,10.088715999969281,3.800980000058189,5007.725502997637,5012.841116999392,,
integer_join3,arquero,[],1774375925673,"[1000.0, 10000.0, 100000.0, 10.0, 10.0, 100.0]",arquero_integer_join3_1000_10000_100000_100_10_10,296,5,58.618609528332456,17.05942887500026,17.1812660000287,0.4626155044109501,20.41141499998048,15.814529999974184,5049.590947000077,5051.088918000925,,
integer_join3,arquero,[],1774375925673,"[10000.0, 100000.0, 1000000.0, 10.0, 10.0, 100.0]",arquero_integer_join3_10000_100000_1000000_100_10_10,35,5,6.376465090277938,156.82670348571014,157.12011100002564,3.2147470159987948,168.45312299998477,151.32088800007477,5488.934621999855,5489.176178999944,,
integer_join3,duckdb,[sync],1774375925673,"[10.0, 100.0, 1000.0, 10.0, 10.0, 10.0]",duckdb_sync_integer_join3_10_100_1000_10_10_10,3864,5,776.6976847489506,1.2875022285192297,1.1159769999794662,0.6398379088111685,9.017302999971434,0.9597389999544248,4974.908610998304,5000.1052830033,,
integer_join3,duckdb,[sync],1774375925673,"[100.0, 1000.0, 10000.0, 10.0, 10.0, 100.0]",duckdb_sync_integer_join3_100_1000_10000_100_10_10,326,5,64.78742212486303,15.435094763806584,15.86809300002642,2.1165739202221774,18.71689000003971,1.9571190000278875,5031.840893000946,5033.455394001561,,
integer_join3,duckdb,[sync],1774375925674,"[1000.0, 10000.0, 100000.0, 10.0, 10.0, 100.0]",duckdb_sync_integer_join3_1000_10000_100000_100_10_10,277,5,54.95226472926868,18.19761214440685,18.18615199998021,1.1961625874283472,29.966148999985307,16.88259699998889,5040.738564000698,5042.2248349998845,,
integer_join3,duckdb,[sync],1774375925674,"[10000.0, 100000.0, 1000000.0, 10.0, 10.0, 100.0]",duckdb_sync_integer_join3_10000_100000_1000000_100_10_10,894,5,178.70468810480946,5.595824097314697,5.5881930000614375,0.7588693683582561,24.968557999935,5.136379000032321,5002.6667429993395,5007.03106500092,,
csv_sum,arquero,[],1774376154097,"[1000.0, 10.0]",arquero_csv_sum_1000,19485,6,3282.5102465556706,0.30464489822973057,0.2895570000400767,0.10048438536686692,9.133257000008598,0.26204699999652803,5936.0058420063,5995.380858993274,,
csv_sum,arquero,[],1774376154097,"[10000.0, 100.0]",arquero_csv_sum_10000,2166,5,433.55442779659376,2.306515481994246,2.2877510000253096,0.5943862241080751,23.04696100007277,2.1103120000334457,4995.912533999537,5003.558943996322,,
csv_sum,arquero,[],1774376154097,"[100000.0, 1000.0]",arquero_csv_sum_100000,196,5,38.799336425323496,25.773636668366358,25.57302599994,2.493430072985567,46.32706899999175,23.556354000000283,5051.632786999806,5052.879886000883,,
csv_sum,arquero,[],1774376154097,"[1000000.0, 10000.0]",arquero_csv_sum_1000000,20,5,3.816021553671081,262.053027200012,257.55173299997114,14.579381580303718,302.3539710000623,244.86220200010575,5241.06054400024,5241.312479000189,,
csv_sum,duckdb,[sync],1774376154097,"[1000.0, 10.0]",duckdb_sync_csv_sum_1000,1073,5,214.3975976905208,4.664231366265039,4.3051209999248385,2.5729065594911047,80.97706000017934,3.7974599997978657,5004.720256002387,5013.478413998149,,
csv_sum,duckdb,[sync],1774376154097,"[10000.0, 100.0]",duckdb_sync_csv_sum_10000,666,5,132.88601333982962,7.525246448944919,7.4657990001142025,0.3849510330795407,10.203776000067592,7.077716000145301,5011.814134997316,5015.445324999047,,
csv_sum,duckdb,[sync],1774376154097,"[100000.0, 1000.0]",duckdb_sync_csv_sum_100000,210,5,41.46860370456499,24.114629157140318,23.92893599998206,0.7193686582809004,26.70006199995987,23.06593000004068,5064.072122999467,5065.1379089993425,,
csv_sum,duckdb,[sync],1774376154097,"[1000000.0, 10000.0]",duckdb_sync_csv_sum_1000000,35,5,6.597248635891099,151.57834048571198,150.36831900011748,3.598173633764382,166.27781100012362,148.0944090001285,5305.241916999919,5305.480781999882,,
tpch,duckdb,[sync],1774376865719,"[0.25, 1.0]",duckdb_sync_tpch_025_q1,50,5,9.65430955874546,103.58068527998869,102.01686099986546,4.378229801714811,128.8019590000622,100.56662399997003,5179.034263999434,5180.240724000381,,
tpch,duckdb,[sync],1774376865719,"[0.25, 2.0]",duckdb_sync_tpch_025_q2,490,5,97.57356598981154,10.24867739387959,9.745208000065759,1.5027201448613106,20.828606999944896,9.096779000014067,5021.851923000999,5025.8506930004805,,
tpch,duckdb,[sync],1774376865719,"[0.25, 3.0]",duckdb_sync_tpch_025_q3,233,5,45.93950423578371,21.767757763939233,21.47787500009872,1.2418905897333115,33.5952769999858,21.03405399993062,5071.887558997842,5073.971338000847,,
tpch,duckdb,[sync],1774376865719,"[0.25, 4.0]",duckdb_sync_tpch_025_q4,194,5,38.391979668777026,26.04710693815219,25.860162999946624,0.7861314008002934,33.52700400003232,25.521437000017613,5053.138746001525,5054.707749000052,,
tpch,duckdb,[sync],1774376865719,"[0.25, 5.0]",duckdb_sync_tpch_025_q5,210,5,41.64773535802027,24.01090939047724,23.864403000101447,0.6452762560462223,29.05288999993354,23.486935999942943,5042.290972000221,5043.821332999971,,
tpch,duckdb,[sync],1774376865719,"[0.25, 6.0]",duckdb_sync_tpch_025_q6,419,5,83.41274214773264,11.988576016706128,11.839385000057518,0.6359633357042127,17.885316000087187,11.559999000048265,5023.2133509998675,5025.84627400036,,
tpch,duckdb,[sync],1774376865719,"[0.25, 7.0]",duckdb_sync_tpch_025_q7,192,5,37.99881206096096,26.316612171867746,26.172278000041842,0.5888149722067684,30.931920000119135,25.77925999998115,5052.789536998607,5054.179425000446,,
tpch,duckdb,[sync],1774376865719,"[0.25, 8.0]",duckdb_sync_tpch_025_q8,150,5,29.54879755001276,33.842324659995114,33.720927000045776,0.8001939298864967,40.15810599992983,33.04404800012708,5076.348698999267,5077.520539996913,,
tpch,duckdb,[sync],1774376865719,"[0.25, 9.0]",duckdb_sync_tpch_025_q9,90,5,17.67204362116798,56.586551133349225,56.36096499999985,0.7577113839396051,59.358656000113115,55.62187900021672,5092.7896020014305,5093.801046999404,,
tpch,duckdb,[sync],1774376865719,"[0.25, 10.0]",duckdb_sync_tpch_025_q10,90,5,17.798961280539864,56.18305384445832,56.046743999933824,0.6354448515592834,60.82738499995321,55.64031199994497,5056.474846001249,5057.458389000269,,
tpch,duckdb,[sync],1774376865719,"[0.25, 11.0]",duckdb_sync_tpch_025_q11,1060,5,211.56121995669625,4.726764197165656,4.621195000130683,0.5016412536880915,11.497311000013724,4.533333000028506,5010.370048995595,5016.253626001766,,
tpch,duckdb,[sync],1774376865719,"[0.25, 12.0]",duckdb_sync_tpch_025_q12,105,5,20.33899961753405,49.16662661903538,48.979893000097945,0.7068368779582452,54.36642799992114,48.58023299998604,5162.495794998715,5165.510489001172,,
tpch,duckdb,[sync],1774376865719,"[0.25, 13.0]",duckdb_sync_tpch_025_q13,80,5,15.118753668471243,66.14301826250448,66.04625199991278,0.6773535617014605,71.52455299999565,65.6932149999775,5291.441461000359,5292.144402999664,,
tpch,duckdb,[sync],1774376865719,"[0.25, 14.0]",duckdb_sync_tpch_025_q14,348,5,69.05673246736666,14.480847330454834,14.389985000016168,0.3468600394443007,18.213904000120237,14.220312000019476,5039.334870998282,5041.401924001286,,
tpch,duckdb,[sync],1774376865719,"[0.25, 15.0]",duckdb_sync_tpch_025_q15,437,5,87.1592975197175,11.473245292893468,11.38971700007096,0.38315306410903655,16.227379000047222,11.14927599998191,5013.808192994446,5016.040042000124,,
tpch,duckdb,[sync],1774376865719,"[0.25, 16.0]",duckdb_sync_tpch_025_q16,301,5,59.85745623723544,16.706356448504263,16.5136909999419,0.8238876199213027,23.895983000053093,16.330385999986902,5028.613290999783,5030.197175001493,,
tpch,duckdb,[sync],1774376865719,"[0.25, 17.0]",duckdb_sync_tpch_025_q17,335,5,66.45904664756507,15.046860441785139,14.984332000138238,0.21753878767427604,17.798858999973163,14.87758499989286,5040.6982479980215,5042.384932996472,,
tpch,duckdb,[sync],1774376865719,"[0.25, 18.0]",duckdb_sync_tpch_025_q18,94,5,18.16934917952366,55.03774461701532,54.829045000020415,0.6923744330252533,58.934893999947235,54.48927600006573,5173.54799399944,5174.407095999923,,
tpch,duckdb,[sync],1774376865719,"[0.25, 19.0]",duckdb_sync_tpch_025_q19,68,5,13.01005241827281,76.86364111765494,76.74476599995978,0.6791574121246676,81.34508399991319,76.16543400008231,5226.727596000535,5227.262674999656,,
tpch,duckdb,[sync],1774376865719,"[0.25, 20.0]",duckdb_sync_tpch_025_q20,251,5,49.693710302173635,20.123271011950568,19.829001999925822,1.338894451828689,32.013282999861985,19.53870499995537,5050.941023999592,5055.667455001036,,
tpch,duckdb,[sync],1774376865719,"[0.25, 21.0]",duckdb_sync_tpch_025_q21,65,5,12.674933867583327,78.89587515383744,78.75368500011973,0.5987630584123547,81.73208099999465,78.05143500003032,5128.2318849994335,5128.794652999612,,
tpch,duckdb,[sync],1774376865719,"[0.25, 22.0]",duckdb_sync_tpch_025_q22,508,5,100.99185329710501,9.901788781498334,9.824953000061214,0.4250596939860516,15.378144999966025,9.721843000035733,5030.108701001154,5032.341479996918,,
tpch,lovefield,[],1774376790072,"[0.1, 1.0]",lovefield_tpch_01_q1,1,1,0.0,0.0,0.0,0.0,0.0,0.0,0.0,0.0,Lovefield does not support arithmetic operations and nested subqueries. Aggregates and order by clauses were often simplified. Some queries with nesting were dropped.,Benchmark `lovefield_tpch_01_q1` failed to run `fn`: a.getTime is not a function
tpch,lovefield,[],1774376790072,"[0.1, 3.0]",lovefield_tpch_01_q3,1,1,0.0,0.0,0.0,0.0,0.0,0.0,0.0,0.0,Lovefield does not support arithmetic operations and nested subqueries. Aggregates and order by clauses were often simplified. Some queries with nesting were dropped.,Benchmark `lovefield_tpch_01_q3` failed to run `fn`: a.getTime is not a function
tpch,lovefield,[],1774376790072,"[0.1, 4.0]",lovefield_tpch_01_q4,1,1,0.0,0.0,0.0,0.0,0.0,0.0,0.0,0.0,Lovefield does not support arithmetic operations and nested subqueries. Aggregates and order by clauses were often simplified. Some queries with nesting were dropped.,Benchmark `lovefield_tpch_01_q4` failed to run `fn`: a.getTime is not a function
tpch,lovefield,[],1774376790072,"[0.1, 5.0]",lovefield_tpch_01_q5,1,1,0.0,0.0,0.0,0.0,0.0,0.0,0.0,0.0,Lovefield does not support arithmetic operations and nested subqueries. Aggregates and order by clauses were often simplified. Some queries with nesting were dropped.,Benchmark `lovefield_tpch_01_q5` failed to run `fn`: a.getTime is not a function
tpch,lovefield,[],1774376790072,"[0.1, 6.0]",lovefield_tpch_01_q6,32,5,5.778319591947045,173.06069421872235,159.94587799999863,47.54313647564264,370.6658340001013,151.70013500005007,5537.942214999115,5538.866105999332,Lovefield does not support arithmetic operations and nested subqueries. Aggregates and order by clauses were often simplified. Some queries with nesting were dropped.,
tpch,lovefield,[],1774376790072,"[0.1, 7.0]",lovefield_tpch_01_q7,1,1,0.0,0.0,0.0,0.0,0.0,0.0,0.0,0.0,Lovefield does not support arithmetic operations and nested subqueries. Aggregates and order by clauses were often simplified. Some queries with nesting were dropped.,Benchmark `lovefield_tpch_01_q7` failed to run `fn`: a.getTime is not a function
tpch,lovefield,[],1774376790072,"[0.1, 8.0]",lovefield_tpch_01_q8,1,1,0.0,0.0,0.0,0.0,0.0,0.0,0.0,0.0,Lovefield does not support arithmetic operations and nested subqueries. Aggregates and order by clauses were often simplified. Some queries with nesting were dropped.,Benchmark `lovefield_tpch_01_q8` failed to run `fn`: a.getTime is not a function
tpch,lovefield,[],1774376790072,"[0.1, 9.0]",lovefield_tpch_01_q9,2,2,0.24660387342588241,4055.0863459999673,4430.08849200001,375.00214600004256,4430.08849200001,3680.0841999999247,8110.172691999935,8110.207907999866,Lovefield does not support arithmetic operations and nested subqueries. Aggregates and order by clauses were often simplified. Some queries with nesting were dropped.,
tpch,lovefield,[],1774376790072,"[0.1, 10.0]",lovefield_tpch_01_q10,1,1,0.0,0.0,0.0,0.0,0.0,0.0,0.0,0.0,Lovefield does not support arithmetic operations and nested subqueries. Aggregates and order by clauses were often simplified. Some queries with nesting were dropped.,Benchmark `lovefield_tpch_01_q10` failed to run `fn`: a.getTime is not a function
tpch,lovefield,[],1774376790072,"[0.1, 12.0]",lovefield_tpch_01_q12,1,1,0.0,0.0,0.0,0.0,0.0,0.0,0.0,0.0,Lovefield does not support arithmetic operations and nested subqueries. Aggregates and order by clauses were often simplified. Some queries with nesting were dropped.,Benchmark `lovefield_tpch_01_q12` failed to run `fn`: a.getTime is not a function
tpch,lovefield,[],1774376790072,"[0.1, 13.0]",lovefield_tpch_01_q13,8,4,1.262696655373978,791.9558476250386,786.4976780000143,15.64484977276658,832.4048959999345,781.7525200000964,6335.646781000309,6335.776672000531,"",
tpch,lovefield,[],1774376790072,"[0.1, 14.0]",lovefield_tpch_01_q14,1,1,0.0,0.0,0.0,0.0,0.0,0.0,0.0,0.0,"",Benchmark `lovefield_tpch_01_q14` failed to run `fn`: a.getTime is not a function
tpch,lovefield,[],1774376790072,"[0.1, 16.0]",lovefield_tpch_01_q16,32,5,5.850829817699274,170.91592665623466,155.4806559998542,73.90921722662839,572.5191220000852,136.3933759999927,5469.309652999509,5469.869334000163,"",
tpch,lovefield,[],1774376790072,"[0.1, 19.0]",lovefield_tpch_01_q19,6,5,0.951804874897728,1050.6355098333054,1006.5717479998711,124.87167678809259,1328.3683009999804,970.9781120000407,6303.813058999833,6303.905699000228,Lovefield does not support arithmetic operations and nested subqueries. Aggregates and order by clauses were often simplified. Some queries with nesting were dropped.,
tpch,duckdb,[sync],1774376475937,"[0.1, 1.0]",duckdb_sync_tpch_01_q1,119,5,23.36019219525357,42.80786697479247,41.7649940000847,3.1471549911907517,69.21627700002864,40.971667000092566,5094.1361700003035,5095.929277002113,,
tpch,duckdb,[sync],1774376475937,"[0.1, 2.0]",duckdb_sync_tpch_01_q2,626,5,124.70978819552901,8.018616777955936,7.6031479998491704,1.2606839953104854,17.516832999885082,7.131000000052154,5019.6541030004155,5023.940254000248,,
tpch,duckdb,[sync],1774376475937,"[0.1, 3.0]",duckdb_sync_tpch_01_q3,577,5,114.85654911677457,8.70651266897546,8.371547000017017,1.2927670265976685,19.243946000002325,7.838973000179976,5023.65780999884,5027.268655002583,,
tpch,duckdb,[sync],1774376475937,"[0.1, 4.0]",duckdb_sync_tpch_01_q4,416,5,82.7919788405935,12.07846477404998,11.924898999975994,0.6656918908634941,18.897992999991402,11.717001999961212,5024.641346004792,5026.90018799738,,
tpch,duckdb,[sync],1774376475937,"[0.1, 5.0]",duckdb_sync_tpch_01_q5,539,5,107.41949957245149,9.309296766231235,9.09649599995464,1.0393415715503427,21.713136000093073,8.949151000007987,5017.710956998635,5020.761745000258,,
tpch,duckdb,[sync],1774376475937,"[0.1, 6.0]",duckdb_sync_tpch_01_q6,983,5,196.234571274959,5.095942032552586,5.016868999926373,0.35225466299043584,8.90746399993077,4.855081000132486,5009.311017999193,5014.135442000814,,
tpch,duckdb,[sync],1774376475937,"[0.1, 7.0]",duckdb_sync_tpch_01_q7,364,5,72.5263790914158,13.788086659331924,13.668517000041902,0.6874844233414343,20.3173990000505,12.965429999865592,5018.86354399682,5021.095586999087,,
tpch,duckdb,[sync],1774376475937,"[0.1, 8.0]",duckdb_sync_tpch_01_q8,394,5,78.46836083322698,12.743989926402996,12.606622999999672,0.6751245841954459,20.176169000100344,11.350738000124693,5021.13203100278,5023.121326997178,,
tpch,duckdb,[sync],1774376475937,"[0.1, 9.0]",duckdb_sync_tpch_01_q9,222,5,44.01189861520879,22.72112840990775,22.38223100011237,1.2322481837880643,34.89342699991539,21.998793000122532,5044.090506999521,5045.626721999841,,
tpch,duckdb,[sync],1774376475937,"[0.1, 10.0]",duckdb_sync_tpch_01_q10,164,5,32.179226733491156,31.075948725617774,30.81673700013198,1.5167323043888532,43.06163499993272,29.26682600006461,5096.455591001315,5097.987438001437,,
tpch,duckdb,[sync],1774376475937,"[0.1, 11.0]",duckdb_sync_tpch_01_q11,1379,5,275.5881881549732,3.628602541694073,3.553986999904737,0.4248793390077223,9.963542999932542,3.470964000094682,5003.842904996127,5010.477087994106,,
tpch,duckdb,[sync],1774376475937,"[0.1, 12.0]",duckdb_sync_tpch_01_q12,238,5,46.91907323984959,21.313293953783255,21.189173999940977,0.4934074239900442,25.499807999935,20.80544100003317,5072.563961000415,5074.232017999282,,
tpch,duckdb,[sync],1774376475937,"[0.1, 13.0]",duckdb_sync_tpch_01_q13,184,5,36.40289565639373,27.470342179341493,27.38501500012353,0.37371241021385776,30.665459000039846,27.19907099986449,5054.542960998835,5055.64126400114,,
tpch,duckdb,[sync],1774376475938,"[0.1, 14.0]",duckdb_sync_tpch_01_q14,778,5,155.09583762231495,6.447626289205594,6.406081999884918,0.25715422908476593,10.328446000115946,6.318168999860063,5016.2532530019525,5019.74475700059,,
tpch,duckdb,[sync],1774376475938,"[0.1, 15.0]",duckdb_sync_tpch_01_q15,884,5,176.4913073846669,5.666001429863493,5.63359500002116,0.2061529071210862,9.831600999925286,5.563364000059664,5008.745263999328,5012.780465001473,,
tpch,duckdb,[sync],1774376475938,"[0.1, 16.0]",duckdb_sync_tpch_01_q16,598,5,119.09568695554385,8.396609697320786,8.297763000009581,0.5437110635931737,15.15893999999389,8.178330999799073,5021.1725989978295,5023.991004003445,,
tpch,duckdb,[sync],1774376475938,"[0.1, 17.0]",duckdb_sync_tpch_01_q17,647,5,128.7593097695539,7.76642870942492,7.728690999792889,0.2749744282061143,13.977539000101388,7.610999000025913,5024.879374997923,5027.814155000495,,
tpch,duckdb,[sync],1774376475938,"[0.1, 18.0]",duckdb_sync_tpch_01_q18,264,5,52.42826480178826,19.07368103408777,18.978366000112146,0.4923522192389852,24.952305999817327,18.58497800002806,5035.451792999171,5037.165176999755,,
tpch,duckdb,[sync],1774376475938,"[0.1, 19.0]",duckdb_sync_tpch_01_q19,159,5,31.05033217542855,32.205774622641314,32.04336000001058,0.7161534943154422,37.72937300009653,31.606320000020787,5120.718164999969,5121.784426998114,,
tpch,duckdb,[sync],1774376475938,"[0.1, 20.0]",duckdb_sync_tpch_01_q20,480,5,95.72765371469946,10.446302204171177,10.38333799992688,0.41078019863128207,15.892579999985173,10.115692000137642,5014.225058002165,5016.684439998819,,
tpch,duckdb,[sync],1774376475938,"[0.1, 21.0]",duckdb_sync_tpch_01_q21,143,5,28.335532130015658,35.29137887411353,35.089013000018895,1.0647835505362941,41.86628600000404,34.03588999994099,5046.667178998236,5047.774922999321,,
tpch,duckdb,[sync],1774376475938,"[0.1, 22.0]",duckdb_sync_tpch_01_q22,887,5,177.10684516965847,5.64630914769023,5.521525999996811,0.3854065607765206,11.937990000005811,5.386464999988675,5008.276214001235,5012.992858004058,,
integer_join2,lovefield,[],1774375832299,"[1000.0, 10000.0, 10.0, 100.0]",lovefield_integer_join2_1000_10000_100_10,2982,5,597.9029175925466,1.672512326961868,1.6304129998898134,0.4714038509220836,20.271898999926634,1.2894389999564737,4987.43175900029,5003.817297998234,,
integer_join2,lovefield,[],1774375832299,"[10000.0, 100000.0, 10.0, 100.0]",lovefield_integer_join2_10000_100000_100_10,209,5,41.391940354109614,24.159292641150962,23.095552999991924,4.752740967489125,60.21619700000156,21.25553600001149,5049.292162000551,5051.355573000503,,
integer_join2,lovefield,[],1774375832299,"[100000.0, 100000.0, 10.0, 100.0]",lovefield_integer_join2_100000_100000_100_10,109,5,21.169733385134712,47.237250550457816,45.41315100004431,9.464577307240804,92.1202499999199,35.90890599996783,5148.860309999902,5150.2777820003685,,
integer_join2,lovefield,[],1774375832299,"[100000.0, 1000000.0, 10.0, 100.0]",lovefield_integer_join2_100000_1000000_100_10,19,5,3.04350336649925,328.5687182104999,321.0713749999413,40.42210512606762,497.1067429999821,307.3787000000011,6242.805645999499,6243.093787000631,,
integer_join2,sqljs,[],1774375832299,"[1000.0, 10000.0, 10.0, 100.0]",sqljs_integer_join2_1000_10000_10_100,508,5,101.09929947144788,9.891265372045597,9.758390999981202,1.0323052100059726,28.25793900003191,9.256514000007883,5024.762808999163,5027.882634999463,,
integer_join2,sqljs,[],1774375832299,"[10000.0, 100000.0, 10.0, 100.0]",sqljs_integer_join2_10000_100000_10_100,45,5,8.447495010100127,118.37828833333009,117.56554800004233,2.8029441021722077,124.83519300003536,114.43350799998734,5327.022974999854,5327.370999999577,,
integer_join2,sqljs,[],1774375832299,"[100000.0, 100000.0, 10.0, 100.0]",sqljs_integer_join2_100000_100000_10_100,44,5,8.075626471136989,123.8294024090997,123.54943899996579,2.1443996012483773,129.48382500000298,120.24605199997313,5448.493706000387,5448.765313999262,,
integer_join2,sqljs,[],1774375832299,"[100000.0, 1000000.0, 10.0, 100.0]",sqljs_integer_join2_100000_1000000_10_100,3,3,0.45356922458352705,2204.735122666694,2195.0836510000518,17.873540255359217,2229.7928130000364,2189.3289039999945,6614.205368000083,6614.273324999958,,
integer_join2,arquero,[],1774375832299,"[1000.0, 10000.0, 10.0, 100.0]",arquero_integer_join2_1000_10000_100_10,3827,5,767.4663131010776,1.3029887865166754,1.2819099999032915,0.2928883104020067,14.435856999945827,1.1657739999936894,4986.5380859993165,5002.212414005655,,
integer_join2,arquero,[],1774375832299,"[10000.0, 100000.0, 10.0, 100.0]",arquero_integer_join2_10000_100000_100_10,420,5,83.93749653078441,11.913626702379025,11.623146999976598,0.9862160831587514,18.08486099995207,11.04325499990955,5003.7232149991905,5005.756884003058,,
integer_join2,arquero,[],1774375832299,"[100000.0, 100000.0, 10.0, 100.0]",arquero_integer_join2_100000_100000_100_10,257,5,50.90138599564254,19.645830470816765,19.46520800003782,1.0722940855877332,24.170763000031002,18.48742699995637,5048.978430999909,5057.383575999178,,
integer_join2,arquero,[],1774375832299,"[100000.0, 1000000.0, 10.0, 100.0]",arquero_integer_join2_100000_1000000_100_10,40,5,7.240274981973134,138.11630117499735,138.14269100001547,2.843283833806329,145.01519199996255,131.93305400002282,5524.652046999894,5525.0031779999845,,
integer_join2,duckdb,[sync],1774375832299,"[1000.0, 10000.0, 10.0, 100.0]",duckdb_sync_integer_join2_1000_10000_10_100,5674,6,951.0054363593707,1.051518699859582,0.9228260000236332,0.49604555364463954,9.821694999933243,0.8095970000140369,5966.317103003268,5999.462794996449,,
integer_join2,duckdb,[sync],1774375832299,"[10000.0, 100000.0, 10.0, 100.0]",duckdb_sync_integer_join2_10000_100000_10_100,4396,5,882.5144572520353,1.1331259128760225,1.127619000035338,0.18476029146157635,3.739201999967918,1.0388450000900775,4981.2215130029945,5001.026818005252,,
integer_join2,duckdb,[sync],1774375832299,"[100000.0, 100000.0, 10.0, 100.0]",duckdb_sync_integer_join2_100000_100000_10_100,3615,5,724.8647650587884,1.3795676769016318,1.3798210000386462,0.18657422995653772,4.395566000021063,1.27201200008858,4987.137151999399,5003.1487439980265,,
integer_join2,duckdb,[sync],1774375832299,"[100000.0, 1000000.0, 10.0, 100.0]",duckdb_sync_integer_join2_100000_1000000_10_100,1238,5,247.32559452831313,4.043253193860302,4.010667999973521,0.2858221192752589,7.8100979999871925,3.8123700000578538,5005.547453999054,5010.940932000289,,
tpch,arquero,[],1774377087860,"[0.25, 1.0]",arquero_tpch_025_q1,0,0,0.0,0.0,0.0,0.0,0.0,0.0,0.0,0.0,Arquero does not implement join reordering and query unnesting. The plans were generated by a relational database and were manually migrated to the Arquero API.,"Benchmark `arquero_tpch_025_q1` failed to run `before` callback: Unrecognized type: ""undefined"""
tpch,arquero,[],1774377087860,"[0.25, 2.0]",arquero_tpch_025_q2,0,0,0.0,0.0,0.0,0.0,0.0,0.0,0.0,0.0,Arquero does not implement join reordering and query unnesting. The plans were generated by a relational database and were manually migrated to the Arquero API.,"Benchmark `arquero_tpch_025_q2` failed to run `before` callback: Unrecognized type: ""undefined"""
tpch,arquero,[],1774377087860,"[0.25, 3.0]",arquero_tpch_025_q3,0,0,0.0,0.0,0.0,0.0,0.0,0.0,0.0,0.0,Arquero does not implement join reordering and query unnesting. The plans were generated by a relational database and were manually migrated to the Arquero API.,"Benchmark `arquero_tpch_025_q3` failed to run `before` callback: Unrecognized type: ""undefined"""
tpch,arquero,[],1774377087860,"[0.25, 4.0]",arquero_tpch_025_q4,0,0,0.0,0.0,0.0,0.0,0.0,0.0,0.0,0.0,Arquero does not implement join reordering and query unnesting. The plans were generated by a relational database and were manually migrated to the Arquero API.,"Benchmark `arquero_tpch_025_q4` failed to run `before` callback: Unrecognized type: ""undefined"""
tpch,arquero,[],1774377087860,"[0.25, 5.0]",arquero_tpch_025_q5,0,0,0.0,0.0,0.0,0.0,0.0,0.0,0.0,0.0,Arquero does not implement join reordering and query unnesting. The plans were generated by a relational database and were manually migrated to the Arquero API.,"Benchmark `arquero_tpch_025_q5` failed to run `before` callback: Unrecognized type: ""undefined"""
tpch,arquero,[],1774377087860,"[0.25, 6.0]",arquero_tpch_025_q6,0,0,0.0,0.0,0.0,0.0,0.0,0.0,0.0,0.0,Arquero does not implement join reordering and query unnesting. The plans were generated by a relational database and were manually migrated to the Arquero API.,"Benchmark `arquero_tpch_025_q6` failed to run `before` callback: Unrecognized type: ""undefined"""
tpch,arquero,[],1774377087860,"[0.25, 7.0]",arquero_tpch_025_q7,0,0,0.0,0.0,0.0,0.0,0.0,0.0,0.0,0.0,Arquero does not implement join reordering and query unnesting. The plans were generated by a relational database and were manually migrated to the Arquero API.,"Benchmark `arquero_tpch_025_q7` failed to run `before` callback: Unrecognized type: ""undefined"""
tpch,arquero,[],1774377087860,"[0.25, 8.0]",arquero_tpch_025_q8,0,0,0.0,0.0,0.0,0.0,0.0,0.0,0.0,0.0,Arquero does not implement join reordering and query unnesting. The plans were generated by a relational database and were manually migrated to the Arquero API.,"Benchmark `arquero_tpch_025_q8` failed to run `before` callback: Unrecognized type: ""undefined"""
tpch,arquero,[],1774377087860,"[0.25, 10.0]",arquero_tpch_025_q10,0,0,0.0,0.0,0.0,0.0,0.0,0.0,0.0,0.0,Arquero does not implement join reordering and query unnesting. The plans were generated by a relational database and were manually migrated to the Arquero API.,"Benchmark `arquero_tpch_025_q10` failed to run `before` callback: Unrecognized type: ""undefined"""
tpch,arquero,[],1774377087860,"[0.25, 11.0]",arquero_tpch_025_q11,0,0,0.0,0.0,0.0,0.0,0.0,0.0,0.0,0.0,Arquero does not implement join reordering and query unnesting. The plans were generated by a relational database and were manually migrated to the Arquero API.,"Benchmark `arquero_tpch_025_q11` failed to run `before` callback: Unrecognized type: ""undefined"""
tpch,arquero,[],1774377087860,"[0.25, 12.0]",arquero_tpch_025_q12,0,0,0.0,0.0,0.0,0.0,0.0,0.0,0.0,0.0,Arquero does not implement join reordering and query unnesting. The plans were generated by a relational database and were manually migrated to the Arquero API.,"Benchmark `arquero_tpch_025_q12` failed to run `before` callback: Unrecognized type: ""undefined"""
tpch,arquero,[],1774377087860,"[0.25, 13.0]",arquero_tpch_025_q13,0,0,0.0,0.0,0.0,0.0,0.0,0.0,0.0,0.0,Arquero does not implement join reordering and query unnesting. The plans were generated by a relational database and were manually migrated to the Arquero API.,"Benchmark `arquero_tpch_025_q13` failed to run `before` callback: Unrecognized type: ""undefined"""
tpch,arquero,[],1774377087860,"[0.25, 14.0]",arquero_tpch_025_q14,0,0,0.0,0.0,0.0,0.0,0.0,0.0,0.0,0.0,Arquero does not implement join reordering and query unnesting. The plans were generated by a relational database and were manually migrated to the Arquero API.,"Benchmark `arquero_tpch_025_q14` failed to run `before` callback: Unrecognized type: ""undefined"""
tpch,arquero,[],1774377087860,"[0.25, 15.0]",arquero_tpch_025_q15,0,0,0.0,0.0,0.0,0.0,0.0,0.0,0.0,0.0,Arquero does not implement join reordering and query unnesting. The plans were generated by a relational database and were manually migrated to the Arquero API.,"Benchmark `arquero_tpch_025_q15` failed to run `before` callback: Unrecognized type: ""undefined"""
tpch,arquero,[],1774377087860,"[0.25, 16.0]",arquero_tpch_025_q16,0,0,0.0,0.0,0.0,0.0,0.0,0.0,0.0,0.0,Arquero does not implement join reordering and query unnesting. The plans were generated by a relational database and were manually migrated to the Arquero API.,"Benchmark `arquero_tpch_025_q16` failed to run `before` callback: Unrecognized type: ""undefined"""
tpch,arquero,[],1774377087860,"[0.25, 17.0]",arquero_tpch_025_q17,0,0,0.0,0.0,0.0,0.0,0.0,0.0,0.0,0.0,Arquero does not implement join reordering and query unnesting. The plans were generated by a relational database and were manually migrated to the Arquero API.,"Benchmark `arquero_tpch_025_q17` failed to run `before` callback: Unrecognized type: ""undefined"""
tpch,arquero,[],1774377087860,"[0.25, 18.0]",arquero_tpch_025_q18,0,0,0.0,0.0,0.0,0.0,0.0,0.0,0.0,0.0,Arquero does not implement join reordering and query unnesting. The plans were generated by a relational database and were manually migrated to the Arquero API.,"Benchmark `arquero_tpch_025_q18` failed to run `before` callback: Unrecognized type: ""undefined"""
tpch,arquero,[],1774377087860,"[0.25, 19.0]",arquero_tpch_025_q19,0,0,0.0,0.0,0.0,0.0,0.0,0.0,0.0,0.0,Arquero does not implement join reordering and query unnesting. The plans were generated by a relational database and were manually migrated to the Arquero API.,"Benchmark `arquero_tpch_025_q19` failed to run `before` callback: Unrecognized type: ""undefined"""
tpch,arquero,[],1774377087860,"[0.25, 20.0]",arquero_tpch_025_q20,0,0,0.0,0.0,0.0,0.0,0.0,0.0,0.0,0.0,Arquero does not implement join reordering and query unnesting. The plans were generated by a relational database and were manually migrated to the Arquero API.,"Benchmark `arquero_tpch_025_q20` failed to run `before` callback: Unrecognized type: ""undefined"""
tpch,arquero,[],1774377087860,"[0.25, 22.0]",arquero_tpch_025_q22,0,0,0.0,0.0,0.0,0.0,0.0,0.0,0.0,0.0,Arquero does not implement join reordering and query unnesting. The plans were generated by a relational database and were manually migrated to the Arquero API.,"Benchmark `arquero_tpch_025_q22` failed to run `before` callback: Unrecognized type: ""undefined"""
tpch,sqljs,[],1774376587745,"[0.1, 1.0]",sqljs_tpch_01_q1,7,4,1.021326824411625,979.1185114285909,930.5562720000744,122.18617208375184,1278.2581730000675,923.2973859999329,6853.829580000136,6854.883100999985,,
tpch,sqljs,[],1774376587745,"[0.1, 2.0]",sqljs_tpch_01_q2,173,5,34.07393032047717,29.347949901718184,29.110707000130787,0.9512917678894226,38.348772999830544,28.632689999882132,5077.195332997246,5080.287860000739,,
tpch,sqljs,[],1774376587745,"[0.1, 3.0]",sqljs_tpch_01_q3,25,5,4.583961032460248,218.15194171999582,217.59172200015746,1.475806714535979,222.41586599987932,216.92760099982843,5453.798542999895,5454.353756000288,,
tpch,sqljs,[],1774376587745,"[0.1, 4.0]",sqljs_tpch_01_q4,105,5,20.90583044356201,47.83354589522905,47.699353999923915,0.43596664446874345,50.24799900013022,47.284645000007,5022.52231899905,5024.279213998467,,
tpch,sqljs,[],1774376587745,"[0.1, 5.0]",sqljs_tpch_01_q5,25,5,4.42376114175524,226.05198787998407,226.30757299996912,2.37412915734303,231.70889599993825,221.9102449999191,5651.299696999602,5651.936839000089,,
tpch,sqljs,[],1774376587745,"[0.1, 6.0]",sqljs_tpch_01_q6,35,5,6.56392690622366,152.34782688573802,152.09048400004394,0.8804119244408963,154.67039799992926,151.1345010001678,5332.17394100083,5332.979151998647,,
tpch,sqljs,[],1774376587745,"[0.1, 7.0]",sqljs_tpch_01_q7,20,5,3.3696001459520275,296.77111725001595,295.7640849999152,2.7173770024494313,303.0636770001147,293.20504199992865,5935.422345000319,5935.880654000444,,
tpch,sqljs,[],1774376587745,"[0.1, 8.0]",sqljs_tpch_01_q8,12,4,2.3518894926526213,425.190045333351,425.078525000019,5.53656179813481,434.45464799995534,417.0642490000464,5102.280544000212,5102.562469999772,,
tpch,sqljs,[],1774376587745,"[0.1, 9.0]",sqljs_tpch_01_q9,8,4,1.3546579868311484,738.1937062499637,744.1119329999201,8.552957450274613,749.0017260001041,726.530420999974,5905.54964999971,5905.740875000134,,
tpch,sqljs,[],1774376587746,"[0.1, 10.0]",sqljs_tpch_01_q10,35,5,6.605668666493376,151.38512851430235,150.05488300020806,2.8535695513517423,159.87654500012286,147.8955769999884,5298.479498000583,5299.29715000093,,
tpch,sqljs,[],1774376587746,"[0.1, 11.0]",sqljs_tpch_01_q11,70,5,13.254539335908792,75.44585101428841,75.30815900000744,0.5605553020311805,77.2749040001072,74.59790699998848,5281.209571000189,5282.386148999212,,
tpch,sqljs,[],1774376587746,"[0.1, 12.0]",sqljs_tpch_01_q12,40,5,7.874276977168977,126.99578677501995,127.004803000018,0.18873794306091074,127.55036500003189,126.59260799991898,5079.831471000798,5080.524808001006,,
tpch,sqljs,[],1774376587746,"[0.1, 13.0]",sqljs_tpch_01_q13,10,5,1.741587994751192,574.1886157999513,575.9341289999429,3.9634982990357077,577.7731809997931,566.5150890001096,5741.886157999514,5744.00945500005,,
tpch,sqljs,[],1774376587746,"[0.1, 14.0]",sqljs_tpch_01_q14,40,5,7.351546324613294,136.02580407498172,135.80938099999912,0.6673030576199931,138.00929700001143,135.27628199988976,5441.032162999269,5441.7551490000915,,
tpch,sqljs,[],1774376587746,"[0.1, 15.0]",sqljs_tpch_01_q15,20,5,3.66906645327502,272.54889294997554,272.37129799998365,1.2979569252907461,276.2583600000944,271.0571709999349,5450.977858999511,5451.346853999887,,
tpch,sqljs,[],1774376587746,"[0.1, 16.0]",sqljs_tpch_01_q16,105,5,20.11439656158472,49.715635114296205,49.66839200002141,0.19195969387760406,50.44416700000875,49.42637999984436,5220.141687001102,5221.791893001413,,
tpch,sqljs,[],1774376587746,"[0.1, 17.0]",sqljs_tpch_01_q17,1,1,0.03135698103650132,31890.82516700006,31890.82516700006,0.0,31890.82516700006,31890.82516700006,31890.82516700006,31890.845634999918,,
tpch,sqljs,[],1774376587746,"[0.1, 18.0]",sqljs_tpch_01_q18,35,5,6.129619099210015,163.14227422856993,162.94843699992634,1.2322685122887527,168.02294400008395,161.8954640000593,5709.979597999947,5710.626276000636,,
tpch,sqljs,[],1774376587746,"[0.1, 19.0]",sqljs_tpch_01_q19,35,5,6.384285791623814,156.63459197143092,156.94117699982598,1.211067397196447,159.02726699993946,153.71722500002943,5482.2107190000825,5482.896150000393,,
tpch,sqljs,[],1774376587746,"[0.1, 20.0]",sqljs_tpch_01_q20,1,1,0.024983684172702747,40026.12237200001,40026.12237200001,0.0,40026.12237200001,40026.12237200001,40026.12237200001,40026.144634000026,,
tpch,sqljs,[],1774376587746,"[0.1, 21.0]",sqljs_tpch_01_q21,6,3,1.0936171809338644,914.3967536666509,913.2212110001128,3.3385267493388815,921.5467370001134,911.4415169998538,5486.380521999905,5486.483982999809,,
tpch,sqljs,[],1774376587746,"[0.1, 22.0]",sqljs_tpch_01_q22,1,1,0.10678720472590648,9364.417792999884,9364.417792999884,0.0,9364.417792999884,9364.417792999884,9364.417792999884,9364.437427999917,,
tpch,arquero,[],1774376426011,"[0.01, 1.0]",arquero_tpch_001_q1,0,0,0.0,0.0,0.0,0.0,0.0,0.0,0.0,0.0,Arquero does not implement join reordering and query unnesting. The plans were generated by a relational database and were manually migrated to the Arquero API.,"Benchmark `arquero_tpch_001_q1` failed to run `before` callback: Unrecognized type: ""undefined"""
tpch,arquero,[],1774376426011,"[0.01, 2.0]",arquero_tpch_001_q2,0,0,0.0,0.0,0.0,0.0,0.0,0.0,0.0,0.0,Arquero does not implement join reordering and query unnesting. The plans were generated by a relational database and were manually migrated to the Arquero API.,"Benchmark `arquero_tpch_001_q2` failed to run `before` callback: Unrecognized type: ""undefined"""
tpch,arquero,[],1774376426011,"[0.01, 3.0]",arquero_tpch_001_q3,0,0,0.0,0.0,0.0,0.0,0.0,0.0,0.0,0.0,Arquero does not implement join reordering and query unnesting. The plans were generated by a relational database and were manually migrated to the Arquero API.,"Benchmark `arquero_tpch_001_q3` failed to run `before` callback: Unrecognized type: ""undefined"""
tpch,arquero,[],1774376426011,"[0.01, 4.0]",arquero_tpch_001_q4,0,0,0.0,0.0,0.0,0.0,0.0,0.0,0.0,0.0,Arquero does not implement join reordering and query unnesting. The plans were generated by a relational database and were manually migrated to the Arquero API.,"Benchmark `arquero_tpch_001_q4` failed to run `before` callback: Unrecognized type: ""undefined"""
tpch,arquero,[],1774376426011,"[0.01, 5.0]",arquero_tpch_001_q5,0,0,0.0,0.0,0.0,0.0,0.0,0.0,0.0,0.0,Arquero does not implement join reordering and query unnesting. The plans were generated by a relational database and were manually migrated to the Arquero API.,"Benchmark `arquero_tpch_001_q5` failed to run `before` callback: Unrecognized type: ""undefined"""
tpch,arquero,[],1774376426011,"[0.01, 6.0]",arquero_tpch_001_q6,0,0,0.0,0.0,0.0,0.0,0.0,0.0,0.0,0.0,Arquero does not implement join reordering and query unnesting. The plans were generated by a relational database and were manually migrated to the Arquero API.,"Benchmark `arquero_tpch_001_q6` failed to run `before` callback: Unrecognized type: ""undefined"""
tpch,arquero,[],1774376426011,"[0.01, 7.0]",arquero_tpch_001_q7,0,0,0.0,0.0,0.0,0.0,0.0,0.0,0.0,0.0,Arquero does not implement join reordering and query unnesting. The plans were generated by a relational database and were manually migrated to the Arquero API.,"Benchmark `arquero_tpch_001_q7` failed to run `before` callback: Unrecognized type: ""undefined"""
tpch,arquero,[],1774376426011,"[0.01, 8.0]",arquero_tpch_001_q8,0,0,0.0,0.0,0.0,0.0,0.0,0.0,0.0,0.0,Arquero does not implement join reordering and query unnesting. The plans were generated by a relational database and were manually migrated to the Arquero API.,"Benchmark `arquero_tpch_001_q8` failed to run `before` callback: Unrecognized type: ""undefined"""
tpch,arquero,[],1774376426011,"[0.01, 9.0]",arquero_tpch_001_q9,0,0,0.0,0.0,0.0,0.0,0.0,0.0,0.0,0.0,Arquero does not implement join reordering and query unnesting. The plans were generated by a relational database and were manually migrated to the Arquero API.,"Benchmark `arquero_tpch_001_q9` failed to run `before` callback: Unrecognized type: ""undefined"""
tpch,arquero,[],1774376426011,"[0.01, 10.0]",arquero_tpch_001_q10,0,0,0.0,0.0,0.0,0.0,0.0,0.0,0.0,0.0,Arquero does not implement join reordering and query unnesting. The plans were generated by a relational database and were manually migrated to the Arquero API.,"Benchmark `arquero_tpch_001_q10` failed to run `before` callback: Unrecognized type: ""undefined"""
tpch,arquero,[],1774376426011,"[0.01, 11.0]",arquero_tpch_001_q11,0,0,0.0,0.0,0.0,0.0,0.0,0.0,0.0,0.0,Arquero does not implement join reordering and query unnesting. The plans were generated by a relational database and were manually migrated to the Arquero API.,"Benchmark `arquero_tpch_001_q11` failed to run `before` callback: Unrecognized type: ""undefined"""
tpch,arquero,[],1774376426011,"[0.01, 12.0]",arquero_tpch_001_q12,0,0,0.0,0.0,0.0,0.0,0.0,0.0,0.0,0.0,Arquero does not implement join reordering and query unnesting. The plans were generated by a relational database and were manually migrated to the Arquero API.,"Benchmark `arquero_tpch_001_q12` failed to run `before` callback: Unrecognized type: ""undefined"""
tpch,arquero,[],1774376426011,"[0.01, 13.0]",arquero_tpch_001_q13,0,0,0.0,0.0,0.0,0.0,0.0,0.0,0.0,0.0,Arquero does not implement join reordering and query unnesting. The plans were generated by a relational database and were manually migrated to the Arquero API.,"Benchmark `arquero_tpch_001_q13` failed to run `before` callback: Unrecognized type: ""undefined"""
tpch,arquero,[],1774376426011,"[0.01, 14.0]",arquero_tpch_001_q14,0,0,0.0,0.0,0.0,0.0,0.0,0.0,0.0,0.0,Arquero does not implement join reordering and query unnesting. The plans were generated by a relational database and were manually migrated to the Arquero API.,"Benchmark `arquero_tpch_001_q14` failed to run `before` callback: Unrecognized type: ""undefined"""
tpch,arquero,[],1774376426011,"[0.01, 15.0]",arquero_tpch_001_q15,0,0,0.0,0.0,0.0,0.0,0.0,0.0,0.0,0.0,Arquero does not implement join reordering and query unnesting. The plans were generated by a relational database and were manually migrated to the Arquero API.,"Benchmark `arquero_tpch_001_q15` failed to run `before` callback: Unrecognized type: ""undefined"""
tpch,arquero,[],1774376426011,"[0.01, 16.0]",arquero_tpch_001_q16,0,0,0.0,0.0,0.0,0.0,0.0,0.0,0.0,0.0,Arquero does not implement join reordering and query unnesting. The plans were generated by a relational database and were manually migrated to the Arquero API.,"Benchmark `arquero_tpch_001_q16` failed to run `before` callback: Unrecognized type: ""undefined"""
tpch,arquero,[],1774376426011,"[0.01, 17.0]",arquero_tpch_001_q17,0,0,0.0,0.0,0.0,0.0,0.0,0.0,0.0,0.0,Arquero does not implement join reordering and query unnesting. The plans were generated by a relational database and were manually migrated to the Arquero API.,"Benchmark `arquero_tpch_001_q17` failed to run `before` callback: Unrecognized type: ""undefined"""
tpch,arquero,[],1774376426011,"[0.01, 18.0]",arquero_tpch_001_q18,0,0,0.0,0.0,0.0,0.0,0.0,0.0,0.0,0.0,Arquero does not implement join reordering and query unnesting. The plans were generated by a relational database and were manually migrated to the Arquero API.,"Benchmark `arquero_tpch_001_q18` failed to run `before` callback: Unrecognized type: ""undefined"""
tpch,arquero,[],1774376426011,"[0.01, 19.0]",arquero_tpch_001_q19,0,0,0.0,0.0,0.0,0.0,0.0,0.0,0.0,0.0,Arquero does not implement join reordering and query unnesting. The plans were generated by a relational database and were manually migrated to the Arquero API.,"Benchmark `arquero_tpch_001_q19` failed to run `before` callback: Unrecognized type: ""undefined"""
tpch,arquero,[],1774376426011,"[0.01, 20.0]",arquero_tpch_001_q20,0,0,0.0,0.0,0.0,0.0,0.0,0.0,0.0,0.0,Arquero does not implement join reordering and query unnesting. The plans were generated by a relational database and were manually migrated to the Arquero API.,"Benchmark `arquero_tpch_001_q20` failed to run `before` callback: Unrecognized type: ""undefined"""
tpch,arquero,[],1774376426011,"[0.01, 21.0]",arquero_tpch_001_q21,0,0,0.0,0.0,0.0,0.0,0.0,0.0,0.0,0.0,Arquero does not implement join reordering and query unnesting. The plans were generated by a relational database and were manually migrated to the Arquero API.,"Benchmark `arquero_tpch_001_q21` failed to run `before` callback: Unrecognized type: ""undefined"""
tpch,arquero,[],1774376426011,"[0.01, 22.0]",arquero_tpch_001_q22,0,0,0.0,0.0,0.0,0.0,0.0,0.0,0.0,0.0,Arquero does not implement join reordering and query unnesting. The plans were generated by a relational database and were manually migrated to the Arquero API.,"Benchmark `arquero_tpch_001_q22` failed to run `before` callback: Unrecognized type: ""undefined"""
tpch,lovefield,[],1774376428271,"[0.01, 1.0]",lovefield_tpch_001_q1,1,1,0.0,0.0,0.0,0.0,0.0,0.0,0.0,0.0,Lovefield does not support arithmetic operations and nested subqueries. Aggregates and order by clauses were often simplified. Some queries with nesting were dropped.,Benchmark `lovefield_tpch_001_q1` failed to run `fn`: a.getTime is not a function
tpch,lovefield,[],1774376428271,"[0.01, 3.0]",lovefield_tpch_001_q3,1,1,0.0,0.0,0.0,0.0,0.0,0.0,0.0,0.0,Lovefield does not support arithmetic operations and nested subqueries. Aggregates and order by clauses were often simplified. Some queries with nesting were dropped.,Benchmark `lovefield_tpch_001_q3` failed to run `fn`: a.getTime is not a function
tpch,lovefield,[],1774376428271,"[0.01, 4.0]",lovefield_tpch_001_q4,1,1,0.0,0.0,0.0,0.0,0.0,0.0,0.0,0.0,Lovefield does not support arithmetic operations and nested subqueries. Aggregates and order by clauses were often simplified. Some queries with nesting were dropped.,Benchmark `lovefield_tpch_001_q4` failed to run `fn`: a.getTime is not a function
tpch,lovefield,[],1774376428271,"[0.01, 5.0]",lovefield_tpch_001_q5,1,1,0.0,0.0,0.0,0.0,0.0,0.0,0.0,0.0,Lovefield does not support arithmetic operations and nested subqueries. Aggregates and order by clauses were often simplified. Some queries with nesting were dropped.,Benchmark `lovefield_tpch_001_q5` failed to run `fn`: a.getTime is not a function
tpch,lovefield,[],1774376428271,"[0.01, 6.0]",lovefield_tpch_001_q6,443,5,88.02650616797546,11.360214593678894,11.51625100011006,3.2590134297383684,55.07213500002399,8.629948999965563,5032.57506499975,5036.578254000982,Lovefield does not support arithmetic operations and nested subqueries. Aggregates and order by clauses were often simplified. Some queries with nesting were dropped.,
tpch,lovefield,[],1774376428271,"[0.01, 7.0]",lovefield_tpch_001_q7,1,1,0.0,0.0,0.0,0.0,0.0,0.0,0.0,0.0,Lovefield does not support arithmetic operations and nested subqueries. Aggregates and order by clauses were often simplified. Some queries with nesting were dropped.,Benchmark `lovefield_tpch_001_q7` failed to run `fn`: a.getTime is not a function
tpch,lovefield,[],1774376428271,"[0.01, 8.0]",lovefield_tpch_001_q8,1,1,0.0,0.0,0.0,0.0,0.0,0.0,0.0,0.0,Lovefield does not support arithmetic operations and nested subqueries. Aggregates and order by clauses were often simplified. Some queries with nesting were dropped.,Benchmark `lovefield_tpch_001_q8` failed to run `fn`: a.getTime is not a function
tpch,lovefield,[],1774376428271,"[0.01, 9.0]",lovefield_tpch_001_q9,20,5,3.3659538393628226,297.09260665003677,284.06680999998935,28.507263645502775,354.99926000018604,262.2032260000706,5941.852133000735,5942.120331000071,Lovefield does not support arithmetic operations and nested subqueries. Aggregates and order by clauses were often simplified. Some queries with nesting were dropped.,
tpch,lovefield,[],1774376428271,"[0.01, 10.0]",lovefield_tpch_001_q10,1,1,0.0,0.0,0.0,0.0,0.0,0.0,0.0,0.0,Lovefield does not support arithmetic operations and nested subqueries. Aggregates and order by clauses were often simplified. Some queries with nesting were dropped.,Benchmark `lovefield_tpch_001_q10` failed to run `fn`: a.getTime is not a function
tpch,lovefield,[],1774376428272,"[0.01, 12.0]",lovefield_tpch_001_q12,1,1,0.0,0.0,0.0,0.0,0.0,0.0,0.0,0.0,Lovefield does not support arithmetic operations and nested subqueries. Aggregates and order by clauses were often simplified. Some queries with nesting were dropped.,Benchmark `lovefield_tpch_001_q12` failed to run `fn`: a.getTime is not a function
tpch,lovefield,[],1774376428272,"[0.01, 13.0]",lovefield_tpch_001_q13,80,5,15.37287312293752,65.04964895000157,64.83217899990268,3.30365442652545,87.81937799998559,61.055517999920994,5203.971916000126,5205.130000999896,"",
tpch,lovefield,[],1774376428272,"[0.01, 14.0]",lovefield_tpch_001_q14,1,1,0.0,0.0,0.0,0.0,0.0,0.0,0.0,0.0,"",Benchmark `lovefield_tpch_001_q14` failed to run `fn`: a.getTime is not a function
tpch,lovefield,[],1774376428272,"[0.01, 16.0]",lovefield_tpch_001_q16,547,5,108.91451915086931,9.181512325411743,9.003716999897733,1.1463511323088016,22.75459700007923,7.7304829999338835,5022.287242000224,5026.052085001022,"",
tpch,lovefield,[],1774376428272,"[0.01, 19.0]",lovefield_tpch_001_q19,68,5,13.151002346898471,76.03983130881576,72.6861280000303,15.992898831874733,135.73956799996085,66.27784300013445,5170.708528999472,5171.4629099993035,Lovefield does not support arithmetic operations and nested subqueries. Aggregates and order by clauses were often simplified. Some queries with nesting were dropped.,
